id,intent,utterance
1,None,ㄴㅇ
2,None,종로구 맛집
3,None,메일 용량 증가
4,None,H-AI
5,None,축하합니다
6,None,몇살이야?
7,None,응 너는?
8,None,나 9시에 출근했어
9,None,불꽃
10,None,하니형 인도 간다는데 인사해
11,None,을지로동
12,None,조용구 닮은 사람 있잖아
13,None,응 ㅃㅇ
14,None,위치
15,None,오늘 눈이 오나요?
16,None,응 수고해
17,None,9시 출근자는 언제 퇴근하니?
18,None,우리회사명
19,None,ㅍ
20,None,알았어 나갈게
21,None,ㅋㅋㅋㅋ 아직 대화는 불가능하구나
22,None,일정
23,None,자리비움인데 말 걸어서 미안해
24,None,이름을 작성해 드립니다.
25,None,점심
26,None,인사
27,None,요즘 춥다
28,None,구굴이 왜 유명하게 되었나요?
29,None,한화건설
30,None,김재경 돼지?
31,None,내생일
32,None,ㅠㅠ
33,None,설명
34,None,명랑 핫도그집 어때?
35,None,아니?
36,None,맛없었는대
37,None,오픽
38,None,바보야
39,None,빠이~
40,None,진급 심사
41,None,테스트
42,None,품질관리팀
43,None,hanwha-ai
44,None,한화S&C는 어디에 위치하구 있어?
45,None,ㅂㅂ
46,None,ㅇ
47,None,화약/방산 파트리더
48,None,sbs를 아니
49,None,류천우 전화번호
50,None,수행지원팀?
51,None,The rain in Spain stays mainly in the plains.
52,None,난 어디로 갈까
53,None,나 임직원인데
54,None,을지로 똥
55,None,수주보고 절차에 대해 설명해주세요
56,None,삼성전자 주가 ?
57,None,회사 위치
58,None,시간 얼마나 걸리니
59,None,어제 숙취가 너무 심하네요...
60,None,칵 퉤
61,None,즐주말
62,None,회사 게시판
63,None,선유고등학교
64,None,ㅎㅎ 아쉽네요~
65,None,인사팀
66,None,ㅁ나러ㅏㅣㅁㄴㅇ
67,None,모바일 메신저야?
68,None,렌트카
69,None,ㄳㄳ
70,None,미세먼지?
71,None,있을텐데
72,None,써클
73,None,아웃룩
74,None,아는게 없냐
75,None,왜 케미칼은 안해줘
76,None,눈이 왜 한쪽만 크지요?
77,None,너는 언제 퇴근해?
78,None,유화ito
79,None,진짜로?
80,None,5534 여의도성모 정류장 도착 시간
81,None,어허
82,None,온라인으로 하렴
83,None,오늘 점심메뉴
84,None,저녁
85,None,이 방 폭파
86,None,ㅋㅋㅋㅋㅋㅋㅋㅋㅋㅋㅋㅋㅋㅋㅋㅋ
87,None,ㅎㅎ
88,None,어쩔거니
89,None,저 퇴근 언제해요?
90,None,셔틀버스
91,None,나가
92,None,대한민국은 어디에 있나요?
93,None,몇살이에요?
94,None,나 퇴근할게
95,None,ㅇㅇ;
96,None,넥센히어로즈 검색
97,None,문서보안 헤더를
98,None,네 맛있게 했습니다.
99,None,임채연 이라고 아니?
100,None,휴가 몇일남았는지 확인해줘
101,None,진짜?
102,None,바쁘게 다니시나 봅니다.
103,None,오늘의 주요뉴스는 ?
104,None,헬프데스크 전화번호
105,None,파인애비뉴
106,None,아는게 없구낭
107,None,부산까지 거리가?
108,None,왜요?
109,None,바보
110,None,왜 부끄럽다는거지
111,None,인사발령
112,None,양해 좀 그만 요구해
113,None,일하기 싫을땐 어떻게 해야해?
114,None,한화
115,None,집에가고싶어
116,None,제가 하지 않았습니다
117,None,여기 위치는?
118,None,"열심히 준비해서 고객사 좋은 일만 시키고, 우리한테 이득되는건 없는데,,, 답답하군요.."
119,None,연봉
120,None,몰라
121,None,서비스ITO팀 갤러리아 파트리더
122,None,메일 보관 주기
123,None,?
124,None,근처 좋은 식당 없을까?
125,None,오늘 몇일 이지?
126,None,응
127,None,왜이렇게 몰라
128,None,봇 프레임워크
129,None,점심머먹징
130,None,서초구 서초2동 말씨 알려줘
131,None,네.. 오늘 당직근무거든요.
132,None,근로계약작성을 어디서 해야하는지 몰라요
133,None,인사평가 언제까지이지?
134,None,사물함
135,None,장표
136,None,최성휘
137,None,남친만들기
138,None,우리 회사 이름은?
139,None,smart print
140,None,;;
141,None,내 연봉
142,None,베
143,None,여자친구
144,None,그래
145,None,또또아
146,None,내 월급
147,None,남자에요 여자에요?
148,None,춥다
149,None,김명섭 전화번호
150,None,명퇴소식은?
151,None,가~
152,None,인사 총무
153,None,아닌데
154,None,ITSM
155,None,와죠
156,None,이름을 지어 줄께요
157,None,점심 맛나게 먹어라~
158,None,오 그래...
159,None,손익
160,None,공부좀 더 하자
161,None,안마라고 하면 아니
162,None,ㅋㅋ
163,None,질문
164,None,ㅎ
165,None,수행-한화갤러리아 POS시스템 여전법 인증 시스템구축
166,None,시리보다 못하네
167,None,수행지원팀
168,None,점심인데??
169,None,흠...
170,None,너는 실수를 많이 하는구나
171,None,어머니회갑은 휴가가 있나?
172,None,본사근처 맛집?
173,None,하는 일
174,None,금융통합지원
175,None,아니요
176,None,영어로 밥 주세요
177,None,메뉴얼
178,None,에라이
179,None,집 가고싶다
180,None,(&)
181,None,많이 남았네
182,None,갤러리아
183,None,삼성전자 주식 ?
184,None,P-170472
185,None,아니 그거 말고
186,None,우리 팀 근태는?
187,None,나 이제 나간다
188,None,건설
189,None,저 임직원이라구요
190,None,일하니
191,None,왜 느려졌니..
192,None,지금 몇시지?
193,None,수행지원
194,None,RPA
195,None,이메일 용량을 늘리고 싶어요
196,None,똘똘이는 남자야? 여자야?
197,None,"Ok, I Understand,anyway, Can you speak English?"
198,None,오늘 한화빌딩 점심 메뉴는 뭐지?
199,None,ai란
200,None,오늘 몇도야?
201,None,챗봇이라고 해서 메신저 연결해 봤는데  증권 직원은 안되나 보네요?
202,None,너 바보냐.
203,None,멍청이
204,None,메신저 상태 체크 중이야
205,None,퇴직금은 얼마니?
206,None,노무쪽
207,None,파인애비뉴 주차비가 어떻게 되나요
208,None,팀 매출
209,None,가트너2018 전략기술
210,None,퇴근하고싶은데 어떡하냐
211,None,계속대답할꺼야?
212,None,Lee Insoo
213,None,왜 우리는 해외법인이 없는거죠?
214,None,다른계열사는 안돼?
215,None,이른 시간인데도.. 출근해 있군요.
216,None,혹시
217,None,발표력
218,None,일당이 얼마야?
219,None,그럼그럼
220,None,한똘똘씨의 급여는 얼마예요?
221,None,비트코인
222,None,다 모르니
223,None,자리를 6시간 비우셨네요
224,None,WBS코드
225,None,한화빌딩
226,None,ㅋㅋㅋㅋㅋㅋㅋㅋㅋㅋㅋㅋㅋㅋㅋㅋㅋㅋㅋㅋㅋㅋ
227,None,네 많이 발전하길 기원합니다.
228,None,케미칼 파트리더
229,None,난 퇴근할게
230,None,링크
231,None,챗봇에 관해 궁금합니다 알려주실수 있나요?
232,None,몇시냐?
233,None,잘생긴사람
234,None,장난하니
235,None,나는 평가 받니?
236,None,퇴근시간은 언제인가요?
237,None,아니.. 그거 말고..
238,None,나 똘똘이 아닌데
239,None,허허
240,None,ㅡㅡㅋ
241,None,내 휴가 몇일남았어?
242,None,양해?
243,None,있는데?
244,None,지금 몇시에요?
245,None,일정?
246,None,자비스랑 친구니?
247,None,써클에 로그인이 안 되는데 왜 그럴까요?
248,None,공지사항
249,None,두번씩 말하니 왜
250,None,똘똘아 나 예쁘지
251,None,알았어
252,None,양해 부탁드립니다
253,None,생일
254,None,퇴근시간이 언제인데?
255,None,............
256,None,건설파트
257,None,왜 2번씩 대답해?
258,None,헐 휴가 물어본건데 ㅋㅋ
259,None,즐거운 하루 되세요.
260,None,양해
261,None,빅데이터란
262,None,바보냐
263,None,아뇨;;
264,None,프로젝트 visa
265,None,와이파이 비밀번호
266,None,인사총무
267,None,아는게 모야
268,None,한화 ?
269,None,AI란?
270,None,이현경 아니?
271,None,왜 두번씩 말하니
272,None,uhr
273,None,도움말
274,None,M007602
275,None,백화점POS
276,None,36기 신입사원은?
277,None,네 알겠습니다~
278,None,점심 맛있게 먹어
279,None,서비스ITO팀 갤러리아
280,None,eagle office viewer
281,None,야 나도 등록좀 해줘
282,None,취미가?
283,None,꺼져!!!
284,None,월 마감이 언제야?
285,None,왜 자리 비움이야 ?
286,None,바이러스 치료는
287,None,양념치킨 vs 후라이드치킨
288,None,퇴근할께~
289,None,ㅁㄴㅇㄹ
290,None,연차몇개남음?
291,None,점심시간 꽤지난듯..ㄷㄷ
292,None,조직 변경은 끝났니?
293,None,키미노나마에와
294,None,멍청아
295,None,퇴근은 언제하세요?
296,None,힘내
297,None,너 이름 바뀐다며
298,None,오늘 점심 뭐먹을거야
299,None,대방역 열차시간
300,None,my friend
301,None,연차 얼마나 남았지?
302,None,그렇군요
303,None,99%
304,None,종로구
305,None,아니요 별로 맛없었어요
306,None,()%
307,None,G220235
308,None,좀 배워라
309,None,머하냐
310,None,메일 주기
311,None,아..
312,None,아 빙신
313,None,하아..
314,None,Fighting~!
315,None,지금 퇴근해도 되요?
316,None,케미칼팀
317,None,회의실
318,None,난 9시 출근이라 퇴근시간이 늦어
319,None,휴가 며칠 남았지?
320,None,멍청하네
321,None,할룽
322,None,hanwha ai
323,None,ㅇㅇ
324,None,챗봇 알아?
325,None,맛있게 먹었지~
326,None,넌 언제 퇴근?
327,None,입사 결정 후 기억에 남는 일이 있다면?
328,None,너무 모르는 거 아니니
329,None,드라이버
330,None,우리팀 팀원이 몇명이지?
331,None,나이
332,None,회사이름
333,None,불금이네요~~ 화이팅
334,None,그렇구나
335,None,좀 똘똘해 져라..
336,None,퇴근시간
337,None,퇴근
338,None,포상휴가는 며칠 인가요?
339,None,니가 아는거
340,None,갤러리아 면세점 혜택이 있나요?
341,None,와이
342,None,노래불러주삼
343,None,나이가?
344,None,문서 헤더 정보를 읽을수 없습니다
345,None,반갑당 ^^
346,None,집에가는길
347,None,메뉴
348,None,느꼈니?
349,None,프린터
350,None,왜 사람 차별해?
351,None,근로계약 작성은 어디서 해야하나요?
352,None,방산ito2팀
353,None,오...
354,None,내 휴가는 며칠 남았니?
355,None,똘똘아 퇴근하고싶어
356,None,쟤 어떻게 내쫓지
357,None,퇴근시간언제?
358,None,집갈게
359,None,ㅇㅋㅇ
360,None,잔여연차 몇개임?
361,None,회사 주소는?
362,None,서울<->부산 거리가?
363,None,노래 불러죠
364,None,쉬지마
365,None,두번씩 말하네
366,None,으음.. 축하해요.
367,None,오잉.. 축하해.. 상 받았던데.. ㅋㅋ
368,None,welcome
369,None,..
370,None,이 친구 참
371,None,왜 없어?
372,None,힌정재
373,None,음
374,None,bye
375,None,화이팅 하라구
376,None,S&C 본사는 어디에 있지요?
377,None,문서보안 비밀번호 초기화
378,None,네 알겠습니다.
379,None,졸리다
380,None,ㅁㄴㅇ라ㅣㅁㄴ아ㅣㄹ
381,None,"Today weather is so cool, isn't it~~"
382,None,죽전IDC 위치
383,None,상생협력팀
384,None,즐거운 주말되라
385,None,주식 시세는?
386,None,(@)
387,None,프로젝트 코드 요청
388,None,대한민국 대통령 이름?
389,None,???
390,None,"google과 amazon의 강점, 약점을 비교해 주세요."
391,None,음...
392,None,ㅎㅎ 그럼 아는건 어떤건가?
393,None,갤러리아 혜택이 있나요
394,None,알았다.
395,None,ㅎㅎㅎ
396,None,퇴지금
397,None,바보 ㅋㅋ
398,None,그러니 사원 이지..
399,None,우리회사 사업자번호
400,None,자신감
401,None,물어볼수 있는 것
402,None,팀원 휴가자
403,None,6시 퇴근인뎅
404,None,그래그래
405,None,그렇군
406,None,(C)
407,None,응 너는? ㅎㅎ
408,None,점심메뉴
409,None,너 쉬고있니?
410,None,바보야?
411,None,돈 좀 빌려줘
412,None,니가 하는 일은 무엇이니?
413,None,응 잘먹었어 너는?
414,None,손새봄
415,None,잘지내세요~~
416,None,비틀즈
417,None, ㅇㅇ
418,None,1시간넘게남았는걸 ?
419,None,즐건 주말 보내
420,None,졸려
421,None,김명구
422,None,응?
423,None,dkssud
424,None,전화번호부
425,None,회사근처에 괜찮은 회식장소를 아시나요
426,None,OPIc
427,None,메일 회수
428,None,사업자번호
429,None,다 몰러
430,None,정해진 전화번호가?
431,None,회사 정보
432,None,노래
433,None,퇴근했어
434,None,놀아줘
435,None,대따
436,None,시간
437,None,알겠어
438,None,이런 계열사는 서비스 안돼요?
439,None,넌 모른는게 참 많은것같애
440,None,통근버스
441,None,?????
442,None,평가
443,None,6시 퇴근이야
444,None,맛집 소개해줘
445,None,너 왜 사람 차별해?
446,None,우리회사 주소는?
447,None,나 팀이 어디야?
448,None,ㅋㅋㅋㅋㅋㅋㅋㅋㅋㅋㅋㅋㅋㅋㅋㅋㅋㅋㅋㅋㅋㅋㅋㅋㅋㅋㅋㅋㅋㅋㅋㅋㅋㅋㅋㅋㅋㅋㅋㅋㅋ
449,None,퇴근하고 싶어
450,None,학습 좀 더해
451,None,점심 추천
452,None,아는거
453,None,구매팀
454,None,을지로
455,None,나 졸려
456,None,테블릿
457,None,변호사
458,None,월급일자는 언제인가요?
459,None,ㅋ 궁금한게 있어요?
460,None,불꽃 축제
461,None,작업을 시작합니다
462,None,고마해라
463,None,인사제도 메뉴얼
464,None,왜 두번 말하냐
465,None,System.out.print
466,None,지원
467,None,자동
468,None,수행지원팀 하는일
469,None,금여
470,None,팀 매출은?
471,None,미세먼지는?
472,None,바이~~
473,None,그룹웨어 말고
474,None,ㅋㅋㅋ
475,None,요놈
476,None,수고하세요
477,None,네 점심에 뭐 드셨어요?
478,None,머라니
479,None,머야...
480,None,"다만, 내일 패치도 있으니.. 전부는 못털고."
481,None,PI팀 위치는?
482,None,오늘 일정은
483,None,이건 질문이아니에요
484,None,집에안가니..
485,None,네?
486,None,오늘은 수능일 인가요 ?
487,None,상받았더라 축하해
488,None,통근버스시간표
489,None,퇴근안해?
490,None,신상초
491,None,~ㅅ~
492,None,똘똘아 종로 맛집 아는데 있어?
493,None,여의도 증권타운 맛집?
494,None,(%)
495,None,아니 배고프다고
496,None,220만원
497,None,답변
498,None,똘똘아아아아앙
499,None,비자1
500,None,캐치마인드는 어케함?
501,None,오늘 점심에 뭐먹지?
502,None,($)
503,None,아직 여쭤보지도 않았는데요?
504,None,HITSM
505,None,앞두기 뒤죽박죽이네요
506,None,내년 휴일은 몇일이야
507,None,부보님이 아프신데 지원 같은 건 없나?
508,None,배불뚝이 알아?
509,None,동표
510,None,이준우 핸드폰 번호?
511,None,아는게 많이 없구만..
512,None,너 바보지
513,None,응답없음 일때 어떻게 해야되?>
514,None,글게 나도 퇴근하고픈데
515,None,머신러닝
516,None,아 목이 너무 아펑
517,None,사전견적
518,None,오늘의 점심메뉴는?
519,None,길찾기
520,None,상 받은거 축하해요 ^0^
521,None,ㄳ
522,None,잘가요
523,None,헤이
524,None,매뉴얼
525,None,미쳤나봐
526,None,몇시
527,None,메일 용량
528,None,그럼 언제쯤 답변 하나요?
529,None,나가라고
530,None,ㅋㅋㅋㅋㅋㅋㅋㅋㅋㅋㅋㅋㅋㅋㅋㅋㅋㅋ
531,None,우리팀에 누가 온라인이야?
532,None,미안하다..
533,None,꺼져
534,None,굿바이라고!!
535,None,난 오디로 갈까
536,None,공부 좀 해
537,None,메일
538,None,5534 버스
539,None,추워
540,None,바보구나 ~
541,None,요좀
542,None,알고리즘
543,None,그럼 이만
544,None,서클에 로그인이 안 돼요.
545,None,"베트남으로 사업을 잘하고 싶은데, 회사에서 어떤 지원을 받을 수 있나요?"
546,None,아는게 도U;
547,None,잘 모르는게 맣네요
548,None,대화가 안되군요
549,None,맛집
550,None,후배가 자꾸 너무 깐족대요
551,None,많이 모르는 구나
552,None,일루와라
553,None,.
554,None,데이터베이스 문의는
555,None,"어떤 이름이 맘에 드나요? A, B, C"
556,None,회사일정
557,None,맛있는 식당은?
558,None,창립기념품은 언제주나요?
559,None,피곤하다
560,None,안녕하세요.손보ITO팀 오인걸입니다.
561,None,#NAME?
562,None,U-HR
563,None,맛없었어
564,None,결혼하면 얼마주나요?
565,None,별로 안조하
566,None,그거말고
567,None,나도 가고 싶은데..
568,None,지원 가능한 목록
569,None,오... 그래 너는 퇴근 안해?
570,None,구매 매뉴얼
571,None,^^ 반가와요~ 근데 진짜 AI가 맞나요?
572,None,ㅇㅇ 너는 밥먹었니?
573,None,나 이제 퇴근해
574,None,그러게영
575,None,왜 나한테 그래..
576,None,본사주면 맛집을 알려줘
577,None,개명
578,None,저는 연차가 몇 일 남았나요?
579,None,한똘똘 오늘의 시장상황 ?
580,None,ㅋ
581,None,직원검색
582,None,(!)
583,None,후
584,None,저기요
585,None,정신없네요
586,None,머라고 답해야할지모르겠네
587,None,LMS
588,None,우리회사 주소가 알고 싶어요.
589,None,명령어
590,None,점심시간
591,None,배고파
592,None,enc 파일 어떻게 열어?
593,None,똘똘아 배고파
594,None,갤러리아 파트에는 누가 있죠?
595,None,지각
596,None,음..
597,None,좀더 학습이 필요하다
598,None,성별
599,None,집에 가고 싶다
600,None,통제
601,None,맛집알려줘
602,None,머여
603,None,LMS 가 머야?
604,None,[2017-11-23 오후 2:01] 문화규(Moon Howagyu): 네 말씀주십시요
605,None,블럭체인
606,None,여의도 맛집 ?
607,None,회사소식은 알고 있나요?
608,None,헐..
609,ECS_SNC_WEATHER_FORECAST,오늘 날씨
610,ECS_SNC_WEATHER_FORECAST,내일 날씨
611,ECS_SNC_WEATHER_FORECAST,용인 날씨 알려줘
612,ECS_SNC_WEATHER_FORECAST,중구 날씨 알려줘
613,ECS_SNC_WEATHER_FORECAST,날씨가 춥네
614,ECS_SNC_WEATHER_FORECAST,달안동 날씨 알려줘
615,ECS_SNC_WEATHER_FORECAST,오늘 날씨는?
616,ECS_SNC_WEATHER_FORECAST,여의도동 날씨
617,ECS_SNC_WEATHER_FORECAST,오늘 날씨는 어때?
618,ECS_SNC_WEATHER_FORECAST,바깥날씨는 어떻니?
619,ECS_SNC_WEATHER_FORECAST,8시 20분 현재 날씨
620,ECS_SNC_WEATHER_FORECAST,서울특별시 날씨 알려줘
621,ECS_SNC_WEATHER_FORECAST,여의도 날씨 알려주삼
622,ECS_SNC_WEATHER_FORECAST,을지로동 날씨
623,ECS_SNC_WEATHER_FORECAST,월급날은 언제인가요?
624,ECS_SNC_WEATHER_FORECAST,중구 날씨
625,ECS_SNC_WEATHER_FORECAST,바보 다 옛날 정보네
626,ECS_SNC_WEATHER_FORECAST,오늘 날씨 어때?
627,ECS_SNC_WEATHER_FORECAST,날씨 을지로동
628,ECS_SNC_WEATHER_FORECAST,서울 날씨
629,ECS_SNC_WEATHER_FORECAST,여의도 날씨 알려줘
630,ECS_SNC_WEATHER_FORECAST,서울 날씨는 어때?
631,ECS_SNC_WEATHER_FORECAST,서울 날씨는?
632,ECS_SNC_WEATHER_FORECAST,오늘 날씨는 어떤가요?
633,ECS_SNC_WEATHER_FORECAST,백령도 날씨 알려줘
634,ECS_SNC_WEATHER_FORECAST,날씨
635,ECS_SNC_WEATHER_FORECAST,서울 날씨 알려줘
636,ECS_SNC_WEATHER_FORECAST,오늘의 날씨
637,ECS_SNC_WEATHER_FORECAST,경기도 날씨 알려줘
638,ECS_SNC_WEATHER_FORECAST,죽전 날씨 알려줘
639,ECS_SNC_WEATHER_FORECAST,본사 날씨
640,ECS_SNC_WEATHER_FORECAST,화정동 날씨알려줘
641,ECS_SNC_WEATHER_FORECAST,대전 날씨
642,ECS_SNC_WEATHER_FORECAST,오늘 날씨가 어때요?
643,ECS_SNC_WEATHER_FORECAST,을지로 날씨
644,ECS_SNC_WEATHER_FORECAST,용인시 날씨 알려줘
645,ECS_SNC_WEATHER_FORECAST,오늘날씨는?
646,ECS_SNC_WEATHER_FORECAST,오늘 날씨 좀
647,ECS_SNC_WEATHER_FORECAST,어제 종로구 날씨
648,ECS_SNC_WEATHER_FORECAST,여의도동 날씨는?
649,ECS_SNC_WEATHER_FORECAST,속초 날씨 알려줘
650,ECS_SNC_WEATHER_FORECAST,오늘날씨는 어?
651,ECS_SNC_WEATHER_FORECAST,오늘 날씨 말이야
652,ECS_SNC_WEATHER_FORECAST,동작구 날씨 알려줘
653,ECS_SNC_WEATHER_FORECAST,9시 31분 날씨
654,ECS_SNC_WEATHER_FORECAST,장교동 날씨
655,ECS_SNC_WEATHER_FORECAST,대방동 날씨
656,ECS_SNC_WEATHER_FORECAST,을지로 날씨 알려줘
657,ECS_SNC_WEATHER_FORECAST,서울날씨
658,ECS_SNC_WEATHER_FORECAST,오늘 창원 날씨는?
659,ECS_SNC_WEATHER_FORECAST,이번주 날씨는?
660,ECS_SNC_WEATHER_FORECAST,서울특별시 양재 날씨 알려줘
661,ECS_SNC_WEATHER_FORECAST,광명 날씨
662,ECS_SNC_WEATHER_FORECAST,판교 날씨는?
663,ECS_SNC_WEATHER_FORECAST,오늘 날씨는 어떻니
664,ECS_SNC_WEATHER_FORECAST,오늘 날씨 어때 ?
665,ECS_SNC_WEATHER_FORECAST,대구 날씨
666,ECS_SNC_WEATHER_FORECAST,종로구 날씨 알려줘
667,ECS_SNC_WEATHER_FORECAST,경상남도 창원 날씨는?
668,ECS_SNC_WEATHER_FORECAST,오늘 종로 날씨는 어때?
669,ECS_SNC_WEATHER_FORECAST,오늘 날씨는 춥니?
670,ECS_SNC_WEATHER_FORECAST,종로구 날씨
671,ECS_SNC_WEATHER_FORECAST,여의도동 날씨 알려줘
672,ECS_SNC_WEATHER_FORECAST,구미동 날씨 알려줘
673,ECS_SNC_WEATHER_FORECAST,을지로동 날씨 알려줘
674,ECS_SNC_WEATHER_FORECAST,을지로동 날씨 어때?
675,ECS_SNC_WEATHER_FORECAST,서울 오늘 날씨
676,ECS_SNC_WEATHER_FORECAST,내일날씨?
677,ECS_SNC_WEATHER_FORECAST,서울 상계동 날씨는
678,ECS_SNC_WEATHER_FORECAST,내일 날씨는 어떤가요
679,ECS_SNC_WEATHER_FORECAST,성남 날씨는?
680,ECS_SNC_WEATHER_FORECAST,오늘 충청도 날씨 알려주세요
681,ECS_SNC_WEATHER_FORECAST,회사근처 날씨
682,ECS_SNC_WEATHER_FORECAST,오늘 충청도 날씨?
683,ECS_SNC_WEATHER_FORECAST,오늘 경상남도 날씨는?
684,ECS_SNC_WEATHER_FORECAST,현재 날씨
685,ECS_SNC_WEATHER_FORECAST,양재 날씨 알려줘
686,ECS_SNC_WEATHER_FORECAST,부산 날씨
687,ECS_SNC_WEATHER_FORECAST,관양2동 날씨 알려줘
688,ECS_SNC_WEATHER_FORECAST,날씨는
689,ECS_SNC_WEATHER_FORECAST,여의도 날씨?
690,ECS_SNC_WEATHER_FORECAST,서울의 날씨
691,ECS_SNC_WEATHER_FORECAST,기흥구 날씨 알려줘
692,ECS_SNC_WEATHER_FORECAST,오늘 날씨 어때요?
693,ECS_SNC_WEATHER_FORECAST,인천 날씨?
694,ECS_SNC_WEATHER_FORECAST,날씨도 몰라?
695,ECS_SNC_WEATHER_FORECAST,여의도 눈소식
696,ECS_SNC_WEATHER_FORECAST,오늘 날씨는 ?
697,ECS_SNC_WEATHER_FORECAST,안녕하세요? 오늘의 날씨는 어떤가요?
698,ECS_SNC_WEATHER_FORECAST,오늘 날씨가?
699,ECS_SNC_WEATHER_FORECAST,날씨 을지로
700,ECS_SNC_WEATHER_FORECAST,오늘 날씨가 어때?
701,ECS_SNC_WEATHER_FORECAST,날씨가 궁금해 똘똘아
702,ECS_SNC_WEATHER_FORECAST,태전동 날씨 알려줘
703,ECS_SNC_WEATHER_FORECAST,여의도 날씨
704,ECS_SNC_WEATHER_FORECAST,분당 날씨는?
705,ECS_SNC_WEATHER_FORECAST,내일 종로구 날씨
706,ECS_SNC_WEATHER_FORECAST,사직동 날씨 알려줘
707,ECS_SNC_WEATHER_FORECAST,안양시 날씨
708,ECS_SNC_WEATHER_FORECAST,속초 날씨 알려줘요
709,ECS_SNC_WEATHER_FORECAST,을지로 날씨?
710,ECS_SNC_WEATHER_FORECAST,공덕동 날씨는/
711,ECS_SNC_WEATHER_FORECAST,을지로3가 날씨
712,ECS_SNC_WEATHER_FORECAST,광명시 날씨
713,ECS_SNC_WEATHER_FORECAST,오늘 날씨는 어떤가요
714,ECS_SNC_WEATHER_FORECAST,종로 날씨 알려줘
715,ECS_SNC_WEATHER_FORECAST,송내동 날씨
716,ECS_SNC_WEATHER_FORECAST,날씨가 어때요?
717,ECS_SNC_WEATHER_FORECAST,안양 날씨
718,ECS_SNC_WEATHER_FORECAST,여의도 날씨 어때?
719,ECS_SNC_WEATHER_FORECAST,여의도동 날씨?
720,ECS_SNC_WEATHER_FORECAST,부평 날씨
721,ECS_SNC_WEATHER_FORECAST,미얀마 날씨
722,ECS_SNC_WEATHER_FORECAST,사하구 날씨
723,ECS_SNC_WEATHER_FORECAST,여의도날씨?
724,ECS_SNC_WEATHER_FORECAST,날씨알려줘
725,ECS_SNC_WEATHER_FORECAST,날씨가 어떤가요?
726,ECS_SNC_WEATHER_FORECAST,서울시 날씨 알려줘
727,ECS_SNC_WEATHER_FORECAST,지금 날씨
728,ECS_SNC_WEATHER_FORECAST,을지로 날씨 알려주세요
729,ECS_SNC_WEATHER_FORECAST,서울날씨 알려줘
730,ECS_SNC_WEATHER_FORECAST,죽전동 날씨 알려줘
731,ECS_SNC_WEATHER_FORECAST,서울 지금 날씨 알려줘
732,ECS_SNC_WEATHER_FORECAST,비산동 날씨 알려줘
733,ECS_SNC_WEATHER_FORECAST,전국 날씨
734,ECS_SNC_WEATHER_FORECAST,오늘 경남창원 날씨는?
735,ECS_SNC_WEATHER_FORECAST,어제 아래 날씨가 어떻노
736,ECS_SNC_WEATHER_FORECAST,동작구 영등포구 날씨
737,ECS_SNC_WEATHER_FORECAST,오늘 날시
738,ECS_SNC_WEATHER_FORECAST,오늘 서울 날씨
739,ECS_SNC_WEATHER_FORECAST,종로 날씨
740,ECS_SNC_WEATHER_FORECAST,오늘의 날씨는 어떤가요?
741,ECS_SNC_WEATHER_FORECAST,서울특별시 중구 날씨
742,ECS_SNC_WEATHER_FORECAST,그래 오늘 날씨가 궁금하구나
743,ECS_SNC_WEATHER_FORECAST,서초구 서초2동 날씨 알려줘
744,ECS_SNC_WEATHER_FORECAST,광주 날씨
745,ECS_SNC_WEATHER_FORECAST,오늘 날씨가 궁금한데
746,ECS_SNC_WEATHER_FORECAST,오늘의 날씨는 어떻게 되나요?
747,ECS_SNC_WEATHER_FORECAST,날씨정보좀알려줘
748,ECS_SNC_WEATHER_FORECAST,신길7동 날씨
749,ECS_SNC_WEATHER_FORECAST,오늘 날씨는
750,ECS_SNC_WEATHER_FORECAST,부산 날씨는?
751,ECS_SNC_WEATHER_FORECAST,오늘 날씨 알려줘요
752,ECS_SNC_WEATHER_FORECAST,날씨는?
753,ECS_SNC_WEATHER_FORECAST,서울특별시 중구 날씨 알려줘
754,ECS_SNC_WEATHER_FORECAST,여의도 주말 날씨
755,ECS_SNC_WEATHER_FORECAST,죽전동 날씨
756,ECS_SNC_WEATHER_FORECAST,날씨 어때?
757,ECS_SNC_WEATHER_FORECAST,기흥구 날씨를 알려줘
758,ECS_SNC_WEATHER_FORECAST,오늘 경남 창원 날씨는?
759,ECS_SNC_WEATHER_FORECAST,오늘의 날씨는?
760,ECS_SNC_WEATHER_FORECAST,날씨 알려줘
761,ECS_SNC_WEATHER_FORECAST,용인시 날씨
762,ECS_SNC_WEATHER_FORECAST,안양 날씨는?
763,ECS_SNC_WEATHER_FORECAST,여의도 주간날씨
764,ECS_SNC_WEATHER_FORECAST,오늘 종로구 날씨
765,ECS_SNC_WEATHER_FORECAST,제주도 날씨 알려줘
766,ECS_SNC_WEATHER_FORECAST,창원 날씨는?
767,ECS_SNC_WEATHER_FORECAST,오늘 날씨는 어떤가요 ?
768,ECS_SNC_WEATHER_FORECAST,오늘 날씨 너무 추워요
769,ECS_SNC_WEATHER_FORECAST,현재 날씨는?
770,ECS_SNC_WEATHER_FORECAST,서울특별시 관악구 날씨 알려줘
771,ECS_SNC_WEATHER_FORECAST,내일 날씨!
772,ECS_SNC_WEATHER_FORECAST,여의도 내일 날시
773,ECS_SNC_WEATHER_FORECAST,본사 날시
774,ECS_SNC_WEATHER_FORECAST,서산 날씨 알려줘
775,ECS_SNC_WEATHER_FORECAST,서울 동작구 대방동 날씨
776,ECS_SNC_WEATHER_FORECAST,성남시 날씨 알려줘
777,ECS_SNC_WEATHER_FORECAST,날씨가 어때
778,ECS_SNC_WEATHER_FORECAST,광명 날씨 알려줘
779,ECS_SNC_WEATHER_FORECAST,63빌딩 날씨
780,ECS_SNC_WEATHER_FORECAST,오늘 8시 날씨
781,ECS_SNC_WEATHER_FORECAST,용인시 날씨를 알려줘
782,ECS_SNC_WEATHER_FORECAST,오늘 날씨좀
783,ECS_SNC_WEATHER_FORECAST,광주시 날씨
784,ECS_SNC_WEATHER_FORECAST,노원구 날씨는
785,ECS_SNC_WEATHER_FORECAST,광주광역시 날씨
786,ECS_SNC_WEATHER_FORECAST,신원리 날씨
787,ECS_SNC_WEATHER_FORECAST,을지로3가 날씨 알려줘
788,ECS_SNC_WEATHER_FORECAST,중동 날씨
789,ECS_SNC_WEATHER_FORECAST,창원 날씨 알려줘
790,ECS_SNC_WEATHER_FORECAST,서울 중구 날씨가 궁금합니다
791,ECS_SNC_WEATHER_FORECAST,오늘 날씨는요?
792,ECS_SNC_WEATHER_FORECAST,오늘 종로날씨는 어때?
793,ECS_SNC_WEATHER_FORECAST,광명 하안동 날씨 알려줘
794,ECS_SNC_WEATHER_FORECAST,내일 날씨 어때
795,ECS_SNC_WEATHER_FORECAST,내일 날씨 !
796,ECS_SNC_WEATHER_FORECAST,오늘 날씨?
797,ECS_SNC_WEATHER_FORECAST,지금 날씨가 어때요?
798,ECS_SNC_WEATHER_FORECAST,오늘 비오니?
799,ECS_SNC_SS1_CIRCLE_INQUIRY_THE_PERSON_IN_CHARGE,제조운영팀 팀원
800,ECS_SNC_SS1_CIRCLE_INQUIRY_THE_PERSON_IN_CHARGE,SMART ERP 담당자
801,ECS_SNC_SS1_CIRCLE_INQUIRY_THE_PERSON_IN_CHARGE,변호사
802,ECS_SNC_SS1_CIRCLE_INQUIRY_THE_PERSON_IN_CHARGE,이광민
803,ECS_SNC_SS1_CIRCLE_INQUIRY_THE_PERSON_IN_CHARGE,협업포탈 담당자
804,ECS_SNC_SS1_CIRCLE_INQUIRY_THE_PERSON_IN_CHARGE,신윤정
805,ECS_SNC_SS1_CIRCLE_INQUIRY_THE_PERSON_IN_CHARGE,주태윤 대리님 급여는?
806,ECS_SNC_SS1_CIRCLE_INQUIRY_THE_PERSON_IN_CHARGE,차덕현 이력
807,ECS_SNC_SS1_CIRCLE_INQUIRY_THE_PERSON_IN_CHARGE,연락처좀
808,ECS_SNC_SS1_CIRCLE_INQUIRY_THE_PERSON_IN_CHARGE,박준석
809,ECS_SNC_SS1_CIRCLE_INQUIRY_THE_PERSON_IN_CHARGE,정하은
810,ECS_SNC_SS1_CIRCLE_INQUIRY_THE_PERSON_IN_CHARGE,이종영
811,ECS_SNC_SS1_CIRCLE_INQUIRY_THE_PERSON_IN_CHARGE,제조운영팀
812,ECS_SNC_SS1_CIRCLE_INQUIRY_THE_PERSON_IN_CHARGE,우리팀 부서운영비 문의 드려요
813,ECS_SNC_SS1_CIRCLE_INQUIRY_THE_PERSON_IN_CHARGE,오성도사원이 없음
814,ECS_SNC_SS1_CIRCLE_INQUIRY_THE_PERSON_IN_CHARGE,김종석
815,ECS_SNC_SS1_CIRCLE_INQUIRY_THE_PERSON_IN_CHARGE,이영섭 부서
816,ECS_SNC_SS1_CIRCLE_INQUIRY_THE_PERSON_IN_CHARGE,메신저 담당자
817,ECS_SNC_SS1_CIRCLE_INQUIRY_THE_PERSON_IN_CHARGE,itsm 담당자
818,ECS_SNC_SS1_CIRCLE_INQUIRY_THE_PERSON_IN_CHARGE,유화ITO팀장님
819,ECS_SNC_SS1_CIRCLE_INQUIRY_THE_PERSON_IN_CHARGE,교육담당자는 박수인
820,ECS_SNC_SS1_CIRCLE_INQUIRY_THE_PERSON_IN_CHARGE,담당자
821,ECS_SNC_SS1_CIRCLE_INQUIRY_THE_PERSON_IN_CHARGE,장홍준 대리 소속은?
822,ECS_SNC_SS1_CIRCLE_INQUIRY_THE_PERSON_IN_CHARGE,하이문의처
823,ECS_SNC_SS1_CIRCLE_INQUIRY_THE_PERSON_IN_CHARGE,제조운영팀 김준우 대리의 연락처는?
824,ECS_SNC_SS1_CIRCLE_INQUIRY_THE_PERSON_IN_CHARGE,문서보안 담당자
825,ECS_SNC_SS1_CIRCLE_INQUIRY_THE_PERSON_IN_CHARGE,윤지원
826,ECS_SNC_SS1_CIRCLE_INQUIRY_THE_PERSON_IN_CHARGE,코스트센터
827,ECS_SNC_SS1_CIRCLE_INQUIRY_THE_PERSON_IN_CHARGE,급여담당자
828,ECS_SNC_SS1_CIRCLE_INQUIRY_THE_PERSON_IN_CHARGE,자금팀 신윤정
829,ECS_SNC_SS1_CIRCLE_INQUIRY_THE_PERSON_IN_CHARGE,S&C 회사 차원의 사업영역은?
830,ECS_SNC_SS1_CIRCLE_INQUIRY_THE_PERSON_IN_CHARGE,이준우
831,ECS_SNC_SS1_CIRCLE_INQUIRY_THE_PERSON_IN_CHARGE,POS 담당자
832,ECS_SNC_SS1_CIRCLE_INQUIRY_THE_PERSON_IN_CHARGE,교육 담당자는 누구죠?
833,ECS_SNC_SS1_CIRCLE_INQUIRY_THE_PERSON_IN_CHARGE,변성환
834,ECS_SNC_SS1_CIRCLE_INQUIRY_THE_PERSON_IN_CHARGE,유하영 사원
835,ECS_SNC_SS1_CIRCLE_INQUIRY_THE_PERSON_IN_CHARGE,문서보안
836,ECS_SNC_SS1_CIRCLE_INQUIRY_THE_PERSON_IN_CHARGE,인사팀
837,ECS_SNC_SS1_CIRCLE_INQUIRY_THE_PERSON_IN_CHARGE,e-HR 운영
838,ECS_SNC_SS1_CIRCLE_INQUIRY_THE_PERSON_IN_CHARGE,장애
839,ECS_SNC_SS1_CIRCLE_INQUIRY_THE_PERSON_IN_CHARGE,제조 부문장
840,ECS_SNC_SS1_CIRCLE_INQUIRY_THE_PERSON_IN_CHARGE,교육 담당자
841,ECS_SNC_SS1_CIRCLE_INQUIRY_THE_PERSON_IN_CHARGE,메일 담당자
842,ECS_SNC_SS1_CIRCLE_INQUIRY_THE_PERSON_IN_CHARGE,보안운영은 누가 합니까
843,ECS_SNC_SS1_CIRCLE_INQUIRY_THE_PERSON_IN_CHARGE,박용대
844,ECS_SNC_SS1_CIRCLE_INQUIRY_THE_PERSON_IN_CHARGE,제조운영팀 팀장의 이름은?
845,ECS_SNC_SS1_CIRCLE_INQUIRY_THE_PERSON_IN_CHARGE,그룹웨어 담당자
846,ECS_SNC_SS1_CIRCLE_INQUIRY_THE_PERSON_IN_CHARGE,사장님 뭐하시니
847,ECS_SNC_SS1_CIRCLE_INQUIRY_THE_PERSON_IN_CHARGE,한똘똘 개발자
848,ECS_SNC_SS1_CIRCLE_INQUIRY_THE_PERSON_IN_CHARGE,급여 담당자 ?
849,ECS_SNC_SS1_CIRCLE_INQUIRY_THE_PERSON_IN_CHARGE,웹 담당자
850,ECS_SNC_SS1_CIRCLE_INQUIRY_THE_PERSON_IN_CHARGE,김세환 대리님 무슨팀이야?
851,ECS_SNC_SS1_CIRCLE_INQUIRY_THE_PERSON_IN_CHARGE,팀재정
852,ECS_SNC_SS1_CIRCLE_INQUIRY_THE_PERSON_IN_CHARGE,전자결재 담당자
853,ECS_SNC_SS1_CIRCLE_INQUIRY_THE_PERSON_IN_CHARGE,이현경에 대한 정보
854,ECS_SNC_SS1_CIRCLE_INQUIRY_THE_PERSON_IN_CHARGE,한똘똘 담당자
855,ECS_SNC_SS1_CIRCLE_INQUIRY_THE_PERSON_IN_CHARGE,출장비 담당자가 누구야?
856,ECS_SNC_SS1_CIRCLE_INQUIRY_THE_PERSON_IN_CHARGE,제조운영팀 팀장 이름은?
857,ECS_SNC_SS1_CIRCLE_INQUIRY_THE_PERSON_IN_CHARGE,김명구 과장
858,ECS_SNC_SS1_CIRCLE_INQUIRY_THE_PERSON_IN_CHARGE,한화 에스엔씨 대표이사는
859,ECS_SNC_SS1_CIRCLE_INQUIRY_THE_PERSON_IN_CHARGE,박관순
860,ECS_SNC_SS1_CIRCLE_INQUIRY_THE_PERSON_IN_CHARGE,인사발표는?
861,ECS_SNC_SS1_CIRCLE_INQUIRY_THE_PERSON_IN_CHARGE,구매팀장
862,ECS_SNC_SS1_CIRCLE_INQUIRY_THE_PERSON_IN_CHARGE,링크 담당자
863,ECS_SNC_SS1_CIRCLE_INQUIRY_THE_PERSON_IN_CHARGE,인사팀장은
864,ECS_SNC_SS1_CIRCLE_INQUIRY_THE_PERSON_IN_CHARGE,하이 만든사람
865,ECS_SNC_SS1_CIRCLE_INQUIRY_THE_PERSON_IN_CHARGE,상무님
866,ECS_SNC_SS1_CIRCLE_INQUIRY_THE_PERSON_IN_CHARGE,네트워크 담당자
867,ECS_SNC_SS1_CIRCLE_INQUIRY_THE_PERSON_IN_CHARGE,ICT PJT팀
868,ECS_SNC_SS1_CIRCLE_INQUIRY_THE_PERSON_IN_CHARGE,연구소 담당 팀장
869,ECS_SNC_SS1_CIRCLE_INQUIRY_THE_PERSON_IN_CHARGE,우리 부문장님은?
870,ECS_SNC_SS1_CIRCLE_INQUIRY_THE_PERSON_IN_CHARGE,리프레시 담당자
871,ECS_SNC_SS1_CIRCLE_INQUIRY_THE_PERSON_IN_CHARGE,김덕원
872,ECS_SNC_SS1_CIRCLE_INQUIRY_THE_PERSON_IN_CHARGE,김수진 대리님
873,ECS_SNC_SS1_CIRCLE_INQUIRY_THE_PERSON_IN_CHARGE,H-AI 문의처
874,ECS_SNC_SS1_CIRCLE_INQUIRY_THE_PERSON_IN_CHARGE,신입채용 담당자
875,ECS_SNC_SS1_CIRCLE_INQUIRY_THE_PERSON_IN_CHARGE,예싼 담당
876,ECS_SNC_SS1_CIRCLE_INQUIRY_THE_PERSON_IN_CHARGE,한화손해보험 사장님
877,ECS_SNC_SS1_CIRCLE_INQUIRY_THE_PERSON_IN_CHARGE,급여담당자 누구야
878,ECS_SNC_SS1_CIRCLE_INQUIRY_THE_PERSON_IN_CHARGE,연구소 소장은 누구 인가
879,ECS_SNC_SS1_CIRCLE_INQUIRY_THE_PERSON_IN_CHARGE,삼성전자 현재가
880,ECS_SNC_SS1_CIRCLE_INQUIRY_THE_PERSON_IN_CHARGE,오윤상
881,ECS_SNC_SS1_CIRCLE_INQUIRY_THE_PERSON_IN_CHARGE,회계팀
882,ECS_SNC_SS1_CIRCLE_INQUIRY_THE_PERSON_IN_CHARGE,하이 담당자
883,ECS_SNC_SS1_CIRCLE_INQUIRY_THE_PERSON_IN_CHARGE,써클 담당자
884,ECS_SNC_SS1_CIRCLE_INQUIRY_THE_PERSON_IN_CHARGE,서클 담당자
885,ECS_SNC_SS1_CIRCLE_INQUIRY_THE_PERSON_IN_CHARGE,한화투자증권 사장 이름은?
886,ECS_SNC_SS1_CIRCLE_INQUIRY_THE_PERSON_IN_CHARGE,H-AI 담당자
887,ECS_SNC_SS1_CIRCLE_INQUIRY_THE_PERSON_IN_CHARGE,유주원
888,ECS_SNC_SS1_CIRCLE_INQUIRY_THE_PERSON_IN_CHARGE,김홍종 알어?
889,ECS_SNC_SS1_CIRCLE_INQUIRY_THE_PERSON_IN_CHARGE,황승한이 누구인가요?
890,ECS_SNC_SS1_CIRCLE_INQUIRY_THE_PERSON_IN_CHARGE,문서보안 관리자가 누구인가요?
891,ECS_SNC_SS1_CIRCLE_INQUIRY_THE_PERSON_IN_CHARGE,조직개편
892,ECS_SNC_SS1_CIRCLE_INQUIRY_THE_PERSON_IN_CHARGE,휴가 담당자
893,ECS_SNC_SS1_CIRCLE_INQUIRY_THE_PERSON_IN_CHARGE,대표이사 이름은?
894,ECS_SNC_SS1_CIRCLE_INQUIRY_THE_PERSON_IN_CHARGE,모바일 전자결재 담당자
895,ECS_SNC_SS1_CIRCLE_INQUIRY_THE_PERSON_IN_CHARGE,급여 담당자
896,ECS_SNC_SS1_CIRCLE_INQUIRY_THE_PERSON_IN_CHARGE,이정용
897,ECS_SNC_SS1_CIRCLE_INQUIRY_THE_PERSON_IN_CHARGE,무선 네트워크 담당자
898,ECS_SNC_SS1_CIRCLE_INQUIRY_THE_PERSON_IN_CHARGE,금융영업팀이 몇명이야
899,ECS_SNC_SS1_CIRCLE_INQUIRY_THE_PERSON_IN_CHARGE,경조사
900,ECS_SNC_SS1_CIRCLE_INQUIRY_THE_PERSON_IN_CHARGE,통신비담당
901,ECS_SNC_SS1_CIRCLE_INQUIRY_THE_PERSON_IN_CHARGE,idc 담당
902,ECS_SNC_SS1_CIRCLE_INQUIRY_THE_PERSON_IN_CHARGE,담당자 정보가 없습니다.
903,ECS_SNC_SS1_CIRCLE_INQUIRY_THE_PERSON_IN_CHARGE,한화 s&c 대표이사
904,ECS_SNC_SS1_CIRCLE_INQUIRY_THE_PERSON_IN_CHARGE,대표이사
905,ECS_SNC_SS1_CIRCLE_INQUIRY_THE_PERSON_IN_CHARGE,강기복 과장 전화번호
906,ECS_SNC_SS1_CIRCLE_INQUIRY_THE_PERSON_IN_CHARGE,박진우 대리 위치
907,ECS_SNC_SS1_CIRCLE_INQUIRY_THE_PERSON_IN_CHARGE,제조운영팀 경비는?
908,ECS_SNC_SS1_CIRCLE_INQUIRY_THE_PERSON_IN_CHARGE,백진욱
909,ECS_SNC_SS1_CIRCLE_INQUIRY_THE_PERSON_IN_CHARGE,황승한
910,ECS_SNC_SS1_CIRCLE_INQUIRY_THE_PERSON_IN_CHARGE,지진
911,ECS_SNC_SS1_CIRCLE_INQUIRY_THE_PERSON_IN_CHARGE,박수진
912,ECS_SNC_SS1_CIRCLE_INQUIRY_THE_PERSON_IN_CHARGE,사내담당자
913,ECS_SNC_SS1_CIRCLE_INQUIRY_THE_PERSON_IN_CHARGE,근태 담당자 알려줘
914,ECS_SNC_SS1_CIRCLE_INQUIRY_THE_PERSON_IN_CHARGE,헬프데스크 연락처
915,ECS_SNC_SS1_CIRCLE_INQUIRY_THE_PERSON_IN_CHARGE,국방사업 담당자
916,ECS_SNC_SS1_CIRCLE_INQUIRY_THE_PERSON_IN_CHARGE,연락처
917,ECS_SNC_SS1_CIRCLE_INQUIRY_THE_PERSON_IN_CHARGE,사외 교육 담당자
918,ECS_SNC_SS1_CIRCLE_INQUIRY_THE_PERSON_IN_CHARGE,법인카드 담당자 누구야?
919,ECS_SNC_SS1_CIRCLE_INQUIRY_THE_PERSON_IN_CHARGE,이글오피스
920,ECS_SNC_SS1_CIRCLE_INQUIRY_THE_PERSON_IN_CHARGE,박수경
921,ECS_SNC_SS1_CIRCLE_INQUIRY_THE_PERSON_IN_CHARGE,고용보험 환급 담당
922,ECS_SNC_SS1_CIRCLE_INQUIRY_THE_PERSON_IN_CHARGE,HR 담당자
923,ECS_SNC_SS1_CIRCLE_INQUIRY_THE_PERSON_IN_CHARGE,김재민 차장 연락처
924,ECS_SNC_SS1_CIRCLE_INQUIRY_THE_PERSON_IN_CHARGE,강훈 연락처
925,ECS_SNC_SS1_CIRCLE_INQUIRY_THE_PERSON_IN_CHARGE,에스앤씨
926,ECS_SNC_SS1_CIRCLE_INQUIRY_THE_PERSON_IN_CHARGE,써클 문의
927,ECS_SNC_SS1_CIRCLE_INQUIRY_THE_PERSON_IN_CHARGE,모바일BP 사업담당자
928,ECS_SNC_SS1_CIRCLE_INQUIRY_THE_PERSON_IN_CHARGE,큐셀 네크워크 담당자
929,ECS_SNC_SS1_CIRCLE_INQUIRY_THE_PERSON_IN_CHARGE,데이터사업TF
930,ECS_SNC_SS1_CIRCLE_INQUIRY_THE_PERSON_IN_CHARGE,서성웅 과장님은 어떤 분이야?
931,ECS_SNC_SS1_CIRCLE_INQUIRY_THE_PERSON_IN_CHARGE,강기석
932,ECS_SNC_SS1_CIRCLE_INQUIRY_THE_PERSON_IN_CHARGE,경조금
933,ECS_SNC_SS1_CIRCLE_INQUIRY_THE_PERSON_IN_CHARGE,출장 정산
934,ECS_SNC_SS1_CIRCLE_INQUIRY_THE_PERSON_IN_CHARGE,박수진이 누구야?
935,ECS_SNC_SS1_CIRCLE_INQUIRY_THE_PERSON_IN_CHARGE,그룹웨어 담당
936,ECS_SNC_SS1_CIRCLE_INQUIRY_THE_PERSON_IN_CHARGE,곽한빈
937,ECS_SNC_SS1_CIRCLE_INQUIRY_THE_PERSON_IN_CHARGE,케미칼 누구야
938,ECS_SNC_SS1_CIRCLE_INQUIRY_THE_PERSON_IN_CHARGE,전자결재 모바일 담당자
939,ECS_SNC_SS1_CIRCLE_INQUIRY_THE_PERSON_IN_CHARGE,하이담당자
940,ECS_SNC_SS1_CIRCLE_INQUIRY_THE_PERSON_IN_CHARGE,이진수
941,ECS_SNC_SS1_CIRCLE_INQUIRY_THE_PERSON_IN_CHARGE,이진은 무슨 팀이야?
942,ECS_SNC_SS1_CIRCLE_INQUIRY_THE_PERSON_IN_CHARGE,CEO 정보 알려줘
943,ECS_SNC_SS1_CIRCLE_INQUIRY_THE_PERSON_IN_CHARGE,손보dba 담당
944,ECS_SNC_SS1_CIRCLE_INQUIRY_THE_PERSON_IN_CHARGE,AI ChatBot 담당자
945,ECS_SNC_SS1_CIRCLE_INQUIRY_THE_PERSON_IN_CHARGE,어학 담당자
946,ECS_SNC_SS1_CIRCLE_INQUIRY_THE_PERSON_IN_CHARGE,하이 개발자
947,ECS_SNC_SS1_CIRCLE_INQUIRY_THE_PERSON_IN_CHARGE,신현종 과장 소속은?
948,ECS_SNC_SS1_CIRCLE_INQUIRY_THE_PERSON_IN_CHARGE,데이터사업TFT
949,ECS_SNC_SS1_CIRCLE_INQUIRY_THE_PERSON_IN_CHARGE,이진대리는 어느팀인가요
950,ECS_SNC_SS1_CIRCLE_INQUIRY_THE_PERSON_IN_CHARGE,이글오피스 담당자
951,ECS_SNC_SS1_CIRCLE_INQUIRY_THE_PERSON_IN_CHARGE,법무 담당자
952,ECS_SNC_SS1_CIRCLE_INQUIRY_THE_PERSON_IN_CHARGE,장애담당
953,ECS_SNC_SS1_CIRCLE_INQUIRY_THE_PERSON_IN_CHARGE,circle 비밀번호
954,ECS_SNC_SS1_CIRCLE_INQUIRY_THE_PERSON_IN_CHARGE,현지훈 과장 업무는 ?
955,ECS_SNC_SS1_CIRCLE_INQUIRY_THE_PERSON_IN_CHARGE,김현영
956,ECS_SNC_SS1_CIRCLE_INQUIRY_THE_PERSON_IN_CHARGE,헬프데스크 담당자
957,ECS_SNC_SS1_CIRCLE_INQUIRY_THE_PERSON_IN_CHARGE,모바일 담당자
958,ECS_SNC_SS1_CIRCLE_INQUIRY_THE_PERSON_IN_CHARGE,서비스ITO팀
959,ECS_SNC_SS1_CIRCLE_INQUIRY_THE_PERSON_IN_CHARGE,복리후생 담당지
960,ECS_SNC_SS1_CIRCLE_INQUIRY_THE_PERSON_IN_CHARGE,근태 담당자를 알려줘
961,ECS_SNC_SS1_CIRCLE_INQUIRY_THE_PERSON_IN_CHARGE,안창영
962,ECS_SNC_SS1_CIRCLE_INQUIRY_THE_PERSON_IN_CHARGE,경조사 담당자
963,ECS_SNC_SS1_CIRCLE_INQUIRY_THE_PERSON_IN_CHARGE,성백선
964,ECS_SNC_SS1_CIRCLE_INQUIRY_THE_PERSON_IN_CHARGE,김정원
965,ECS_SNC_SS1_CIRCLE_INQUIRY_THE_PERSON_IN_CHARGE,문서보안 담당자 알려줘
966,ECS_SNC_SS1_CIRCLE_INQUIRY_THE_PERSON_IN_CHARGE,사장님은 누구셔?
967,ECS_SNC_SS1_CIRCLE_INQUIRY_THE_PERSON_IN_CHARGE,서창민 차장님
968,ECS_SNC_SS1_CIRCLE_INQUIRY_THE_PERSON_IN_CHARGE,박선우과장님
969,ECS_SNC_SS1_CIRCLE_INQUIRY_THE_PERSON_IN_CHARGE,전의경
970,ECS_SNC_SS1_CIRCLE_INQUIRY_THE_PERSON_IN_CHARGE,퇴직급 담당자
971,ECS_SNC_SS1_CIRCLE_INQUIRY_THE_PERSON_IN_CHARGE,문서보안 담당
972,ECS_SNC_SS1_CIRCLE_INQUIRY_THE_PERSON_IN_CHARGE,김세환이 누구야
973,ECS_SNC_SS1_CIRCLE_INQUIRY_THE_PERSON_IN_CHARGE,강훈
974,ECS_SNC_SS1_CIRCLE_INQUIRY_THE_PERSON_IN_CHARGE,ITO팀장
975,ECS_SNC_SS1_CIRCLE_INQUIRY_THE_PERSON_IN_CHARGE,윤희성
976,ECS_SNC_SS1_CIRCLE_INQUIRY_THE_PERSON_IN_CHARGE,채용 담당자
977,ECS_SNC_SS1_CIRCLE_INQUIRY_THE_PERSON_IN_CHARGE,김용호 차장
978,ECS_SNC_SS1_CIRCLE_INQUIRY_THE_PERSON_IN_CHARGE,인사관련 담당자가 누구에요?
979,ECS_SNC_SS1_CIRCLE_INQUIRY_THE_PERSON_IN_CHARGE,최성휘 연락처
980,ECS_SNC_SS1_CIRCLE_INQUIRY_THE_PERSON_IN_CHARGE,한화손해보험 대표이사
981,ECS_SNC_SS1_CIRCLE_INQUIRY_THE_PERSON_IN_CHARGE,김용운
982,ECS_SNC_SS1_CIRCLE_INQUIRY_THE_PERSON_IN_CHARGE,Compliance팀 담당자
983,ECS_SNC_SS1_CIRCLE_INQUIRY_THE_PERSON_IN_CHARGE,김대윤
984,ECS_SNC_SS1_CIRCLE_INQUIRY_THE_PERSON_IN_CHARGE,한화S&C 웹사이트 url
985,ECS_SNC_SS1_CIRCLE_INQUIRY_THE_PERSON_IN_CHARGE,신입 교육 담당자
986,ECS_SNC_SS1_CIRCLE_INQUIRY_THE_PERSON_IN_CHARGE,하내 담당자 조회
987,ECS_SNC_SS1_CIRCLE_INQUIRY_THE_PERSON_IN_CHARGE,챗봇 담당자
988,ECS_SNC_SS1_CIRCLE_INQUIRY_THE_PERSON_IN_CHARGE,UHR 담당자
989,ECS_SNC_SS1_CIRCLE_INQUIRY_THE_PERSON_IN_CHARGE,인사 시스템
990,ECS_SNC_SS1_CIRCLE_INQUIRY_THE_PERSON_IN_CHARGE,김종환
991,ECS_SNC_SS1_CIRCLE_INQUIRY_THE_PERSON_IN_CHARGE,팀장발령
992,ECS_SNC_SS1_CIRCLE_INQUIRY_THE_PERSON_IN_CHARGE,한똘똘님 이름 변경한다던데요
993,ECS_SNC_SS1_CIRCLE_INQUIRY_THE_PERSON_IN_CHARGE,김동주
994,ECS_SNC_SS1_CIRCLE_INQUIRY_THE_PERSON_IN_CHARGE,백화점 pos 담당자
995,ECS_SNC_SS1_CIRCLE_INQUIRY_THE_PERSON_IN_CHARGE,이진하
996,ECS_SNC_SS1_CIRCLE_INQUIRY_THE_PERSON_IN_CHARGE,대표이사님 알려줘
997,ECS_SNC_SS1_CIRCLE_INQUIRY_THE_PERSON_IN_CHARGE,지대환
998,ECS_SNC_SS1_CIRCLE_INQUIRY_THE_PERSON_IN_CHARGE,준법 담당자
999,ECS_SNC_SS1_CIRCLE_INQUIRY_THE_PERSON_IN_CHARGE,제조 계열사 서버 담당 조직은?
1000,ECS_SNC_SS1_CIRCLE_INQUIRY_THE_PERSON_IN_CHARGE,리조트 담당자
1001,ECS_SNC_SS1_CIRCLE_INQUIRY_THE_PERSON_IN_CHARGE,박재관 차장한테 자리에 오면 연락달라고 메세지 남겨 주세요
1002,ECS_SNC_SS1_CIRCLE_INQUIRY_THE_PERSON_IN_CHARGE,ITSM 문의
1003,ECS_SNC_SS1_CIRCLE_INQUIRY_THE_PERSON_IN_CHARGE,수행지원팀장은 누구셔?
1004,ECS_SNC_SS1_CIRCLE_INQUIRY_THE_PERSON_IN_CHARGE,박진우
1005,ECS_SNC_SS1_CIRCLE_INQUIRY_THE_PERSON_IN_CHARGE,금융 부문장
1006,ECS_SNC_SS1_CIRCLE_INQUIRY_THE_PERSON_IN_CHARGE,이메일 담당자
1007,ECS_SNC_SS1_CIRCLE_INQUIRY_THE_PERSON_IN_CHARGE,비서
1008,ECS_SNC_SS1_CIRCLE_INQUIRY_THE_PERSON_IN_CHARGE,김세환
1009,ECS_SNC_SS1_CIRCLE_INQUIRY_THE_PERSON_IN_CHARGE,교통비 담당
1010,ECS_SNC_SS1_CIRCLE_INQUIRY_THE_PERSON_IN_CHARGE,오우석
1011,ECS_SNC_SS1_CIRCLE_INQUIRY_THE_PERSON_IN_CHARGE,S&C 사업영역은?
1012,ECS_SNC_SS1_CIRCLE_INQUIRY_THE_PERSON_IN_CHARGE,모바일 설치
1013,ECS_SNC_SS1_CIRCLE_INQUIRY_THE_PERSON_IN_CHARGE,신민수
1014,ECS_SNC_SS1_CIRCLE_INQUIRY_THE_PERSON_IN_CHARGE,팀장님 전화번호
1015,ECS_SNC_SS1_CIRCLE_INQUIRY_THE_PERSON_IN_CHARGE,출장
1016,ECS_SNC_SS1_CIRCLE_INQUIRY_THE_PERSON_IN_CHARGE,건강검진
1017,ECS_SNC_SS1_CIRCLE_INQUIRY_THE_PERSON_IN_CHARGE,리조트ITO
1018,ECS_SNC_SS1_CIRCLE_INQUIRY_THE_PERSON_IN_CHARGE,사내 어플 담당자
1019,ECS_SNC_SS1_CIRCLE_INQUIRY_THE_PERSON_IN_CHARGE,김기한
1020,ECS_SNC_SS1_CIRCLE_INQUIRY_THE_PERSON_IN_CHARGE,대표이사는
1021,ECS_SNC_SS1_CIRCLE_INQUIRY_THE_PERSON_IN_CHARGE,컴퓨터 사려고 하는데 담당자 좀 알려줘
1022,ECS_SNC_SS1_CIRCLE_INQUIRY_THE_PERSON_IN_CHARGE,오성도?
1023,ECS_SNC_SS1_CIRCLE_INQUIRY_THE_PERSON_IN_CHARGE,전자결재 담당자좀 알려줘
1024,ECS_SNC_SS1_CIRCLE_INQUIRY_THE_PERSON_IN_CHARGE,회계팀원
1025,ECS_SNC_SS1_CIRCLE_INQUIRY_THE_PERSON_IN_CHARGE,김장욱
1026,ECS_SNC_SS1_CIRCLE_INQUIRY_THE_PERSON_IN_CHARGE,그룹웨어 퀵메뉴 담당
1027,ECS_SNC_SS1_CIRCLE_INQUIRY_THE_PERSON_IN_CHARGE,한화S&C 대표이사의 이름은?
1028,ECS_SNC_SS1_CIRCLE_INQUIRY_THE_PERSON_IN_CHARGE,복지 담당자
1029,ECS_SNC_SS1_CIRCLE_INQUIRY_THE_PERSON_IN_CHARGE,기획재무실
1030,ECS_SNC_SS1_CIRCLE_INQUIRY_THE_PERSON_IN_CHARGE,방산운영팀
1031,ECS_SNC_SS1_CIRCLE_INQUIRY_THE_PERSON_IN_CHARGE,복합기 담당자
1032,ECS_SNC_SS1_CIRCLE_INQUIRY_THE_PERSON_IN_CHARGE,방화벽 담당자는?
1033,ECS_SNC_SS1_CIRCLE_INQUIRY_THE_PERSON_IN_CHARGE,승진대상자 교육
1034,ECS_SNC_SS1_CIRCLE_INQUIRY_THE_PERSON_IN_CHARGE,리조트담당자
1035,ECS_SNC_SS1_CIRCLE_INQUIRY_THE_PERSON_IN_CHARGE,대표이사 알려주세요
1036,ECS_SNC_SS1_CIRCLE_INQUIRY_THE_PERSON_IN_CHARGE,문서보안 담당자가 누구에요?
1037,ECS_SNC_SS1_CIRCLE_INQUIRY_THE_PERSON_IN_CHARGE,급여 담당자 알려줘
1038,ECS_SNC_SS1_CIRCLE_INQUIRY_THE_PERSON_IN_CHARGE,송영호
1039,ECS_SNC_SS1_CIRCLE_INQUIRY_THE_PERSON_IN_CHARGE,문서보안 담당자 어떤 놈이냐
1040,ECS_SNC_SS1_CIRCLE_INQUIRY_THE_PERSON_IN_CHARGE,품질관리팀 팀장
1041,ECS_SNC_SS1_CIRCLE_INQUIRY_THE_PERSON_IN_CHARGE,문혜숙
1042,ECS_SNC_SS1_CIRCLE_INQUIRY_THE_PERSON_IN_CHARGE,김호석 전화번호는 어떻게 되지?
1043,ECS_SNC_SS1_CIRCLE_INQUIRY_THE_PERSON_IN_CHARGE,IT컨설팅
1044,ECS_SNC_SS1_CIRCLE_INQUIRY_THE_PERSON_IN_CHARGE,임순진
1045,ECS_SNC_SS1_CIRCLE_INQUIRY_THE_PERSON_IN_CHARGE,H-AI운영자
1046,ECS_SNC_SS1_CIRCLE_INQUIRY_THE_PERSON_IN_CHARGE,대표이사님은
1047,ECS_SNC_SS1_CIRCLE_INQUIRY_THE_PERSON_IN_CHARGE,구매 제조 담당자
1048,ECS_SNC_SS1_CIRCLE_INQUIRY_THE_PERSON_IN_CHARGE,회사 프린트가 안되요
1049,ECS_SNC_SS1_CIRCLE_INQUIRY_THE_PERSON_IN_CHARGE,담당자 휴가
1050,ECS_SNC_SS1_CIRCLE_INQUIRY_THE_PERSON_IN_CHARGE,윤석곤
1051,ECS_SNC_SS1_CIRCLE_INQUIRY_THE_PERSON_IN_CHARGE,법인카드 담당자
1052,ECS_SNC_SS1_CIRCLE_INQUIRY_THE_PERSON_IN_CHARGE,최선혜
1053,ECS_SNC_SS1_CIRCLE_INQUIRY_THE_PERSON_IN_CHARGE,한화s&c 대표이사
1054,ECS_SNC_SS1_CIRCLE_INQUIRY_THE_PERSON_IN_CHARGE,장관상 수상을 축하드립니다.
1055,ECS_SNC_SS1_CIRCLE_INQUIRY_THE_PERSON_IN_CHARGE,교육담당자
1056,ECS_SNC_SS1_CIRCLE_INQUIRY_THE_PERSON_IN_CHARGE,김경한
1057,ECS_SNC_SS1_CIRCLE_INQUIRY_THE_PERSON_IN_CHARGE,사내 담당자 조회 : 문서보안 해제
1058,ECS_SNC_SS1_CIRCLE_INQUIRY_THE_PERSON_IN_CHARGE,장애관리는 누가 하나요?
1059,ECS_SNC_SS1_CIRCLE_INQUIRY_THE_PERSON_IN_CHARGE,김홍종 과장 여자친구 있어?
1060,ECS_SNC_SS1_CIRCLE_INQUIRY_THE_PERSON_IN_CHARGE,서비스/유화 부문장
1061,ECS_SNC_SS1_CIRCLE_INQUIRY_THE_PERSON_IN_CHARGE,wpm 담당자
1062,ECS_SNC_SS1_CIRCLE_INQUIRY_THE_PERSON_IN_CHARGE,전표
1063,ECS_SNC_SS1_CIRCLE_INQUIRY_THE_PERSON_IN_CHARGE,CO담당자는 누구인가요?
1064,ECS_SNC_SS1_CIRCLE_INQUIRY_THE_PERSON_IN_CHARGE,인사담당자
1065,ECS_SNC_SS1_CIRCLE_INQUIRY_THE_PERSON_IN_CHARGE,박재관 차장
1066,ECS_SNC_SS1_CIRCLE_INQUIRY_THE_PERSON_IN_CHARGE,박상문 등록
1067,ECS_SNC_SS1_CIRCLE_INQUIRY_THE_PERSON_IN_CHARGE,결재 담당자는
1068,ECS_SNC_SS1_CIRCLE_INQUIRY_THE_PERSON_IN_CHARGE,구매 담당자
1069,ECS_SNC_SS1_CIRCLE_INQUIRY_THE_PERSON_IN_CHARGE,만든 사람은?
1070,ECS_SNC_SS1_CIRCLE_INQUIRY_THE_PERSON_IN_CHARGE,신지만 과장
1071,ECS_SNC_SS1_CIRCLE_INQUIRY_THE_PERSON_IN_CHARGE,이은상
1072,ECS_SNC_SS1_CIRCLE_INQUIRY_THE_PERSON_IN_CHARGE,그룹웨어 (주)한화 담당
1073,ECS_SNC_SS1_CIRCLE_INQUIRY_THE_PERSON_IN_CHARGE,자산담당자는?
1074,ECS_SNC_SS1_CIRCLE_INQUIRY_THE_PERSON_IN_CHARGE,이현경
1075,ECS_SNC_SS1_CIRCLE_INQUIRY_THE_PERSON_IN_CHARGE,테크윈 AD 담당자
1076,ECS_SNC_SS1_CIRCLE_INQUIRY_THE_PERSON_IN_CHARGE,호텔앤드리조트 담당자
1077,ECS_SNC_SS1_CIRCLE_INQUIRY_THE_PERSON_IN_CHARGE,인사 담당
1078,ECS_SNC_SS1_CIRCLE_INQUIRY_THE_PERSON_IN_CHARGE,한화S&C 본사에 가려면 어떻게 가야 하나요?
1079,ECS_SNC_SS1_CIRCLE_INQUIRY_THE_PERSON_IN_CHARGE,최인영은 어떤 사람?
1080,ECS_SNC_SS1_CIRCLE_INQUIRY_THE_PERSON_IN_CHARGE,남하람
1081,ECS_SNC_SS1_CIRCLE_INQUIRY_THE_PERSON_IN_CHARGE,인사담당자가 누구예요?
1082,ECS_SNC_SS1_CIRCLE_INQUIRY_THE_PERSON_IN_CHARGE,사원증 담당자
1083,ECS_SNC_SS1_CIRCLE_INQUIRY_THE_PERSON_IN_CHARGE,김종환 대리 전화번호
1084,ECS_SNC_SS1_CIRCLE_INQUIRY_THE_PERSON_IN_CHARGE,고주형
1085,ECS_SNC_SS1_CIRCLE_INQUIRY_THE_PERSON_IN_CHARGE,HAI문의처
1086,ECS_SNC_SS1_CIRCLE_INQUIRY_THE_PERSON_IN_CHARGE,품질관리 팀장
1087,ECS_SNC_SS1_CIRCLE_INQUIRY_THE_PERSON_IN_CHARGE,문화규
1088,ECS_SNC_SS1_CIRCLE_INQUIRY_THE_PERSON_IN_CHARGE,생일대상자
1089,ECS_SNC_SS1_CIRCLE_INQUIRY_THE_PERSON_IN_CHARGE,프린터 담당
1090,ECS_SNC_SS1_CIRCLE_INQUIRY_THE_PERSON_IN_CHARGE,wpm 문의
1091,ECS_SNC_SS1_CIRCLE_INQUIRY_THE_PERSON_IN_CHARGE,장성준 대리 업무 알려줘
1092,ECS_SNC_SS1_CIRCLE_INQUIRY_THE_PERSON_IN_CHARGE,법인카드 담당자가 누구야?
1093,ECS_SNC_SS1_CIRCLE_INQUIRY_THE_PERSON_IN_CHARGE,김용욱 대표이사
1094,ECS_SNC_SS1_CIRCLE_INQUIRY_THE_PERSON_IN_CHARGE,앱 설치
1095,ECS_SNC_SS1_CIRCLE_INQUIRY_THE_PERSON_IN_CHARGE,김용호 연락처
1096,ECS_SNC_SS1_CIRCLE_INQUIRY_THE_PERSON_IN_CHARGE,장재현
1097,ECS_SNC_SS1_CIRCLE_INQUIRY_THE_PERSON_IN_CHARGE,경력 채용 담당자 알려줘
1098,ECS_SNC_SS1_CIRCLE_INQUIRY_THE_PERSON_IN_CHARGE,DNS 담당자
1099,ECS_SNC_SS1_CIRCLE_INQUIRY_THE_PERSON_IN_CHARGE,조직개편 언제 남
1100,ECS_SNC_SS1_CIRCLE_INQUIRY_THE_PERSON_IN_CHARGE,남자
1101,ECS_SNC_SS1_CIRCLE_INQUIRY_THE_PERSON_IN_CHARGE,신지만 연락해
1102,ECS_SNC_SS1_CIRCLE_INQUIRY_THE_PERSON_IN_CHARGE,이석현
1103,ECS_SNC_SS1_CIRCLE_INQUIRY_THE_PERSON_IN_CHARGE,한화에너지 모바일 그룹웨어
1104,ECS_SNC_SS1_CIRCLE_INQUIRY_THE_PERSON_IN_CHARGE,오승호는 누구야?
1105,ECS_SNC_SS1_CIRCLE_INQUIRY_THE_PERSON_IN_CHARGE,똘똘아 인사팀 담당자
1106,ECS_SNC_SS1_CIRCLE_INQUIRY_THE_PERSON_IN_CHARGE,회계 담당자
1107,ECS_SNC_SS1_CIRCLE_INQUIRY_THE_PERSON_IN_CHARGE,장교동 점심
1108,ECS_SNC_SS1_CIRCLE_INQUIRY_THE_PERSON_IN_CHARGE,서비스ITO팀장
1109,ECS_SNC_SS1_CIRCLE_INQUIRY_THE_PERSON_IN_CHARGE,미국의 대통령은 누구입니까
1110,ECS_SNC_SS1_CIRCLE_INQUIRY_THE_PERSON_IN_CHARGE,계약서 오류나는데
1111,ECS_SNC_SS1_CIRCLE_INQUIRY_THE_PERSON_IN_CHARGE,하재우는 누구인가?
1112,ECS_SNC_SS1_CIRCLE_INQUIRY_THE_PERSON_IN_CHARGE,임원발표
1113,ECS_SNC_SS1_CIRCLE_INQUIRY_THE_PERSON_IN_CHARGE,스마트 팩토리 정해진 부장 연락처
1114,ECS_SNC_SS1_CIRCLE_INQUIRY_THE_PERSON_IN_CHARGE,인사담당자 휴가 업무
1115,ECS_SNC_SS1_CIRCLE_INQUIRY_THE_PERSON_IN_CHARGE,장홍준 전화번호?
1116,ECS_SNC_SS1_CIRCLE_INQUIRY_THE_PERSON_IN_CHARGE,콘도담장자
1117,ECS_SNC_SS1_CIRCLE_INQUIRY_THE_PERSON_IN_CHARGE,장미영차장
1118,ECS_SNC_SS1_CIRCLE_INQUIRY_THE_PERSON_IN_CHARGE,혹시 한건숙 과장님 아세요?
1119,ECS_SNC_SS1_CIRCLE_INQUIRY_THE_PERSON_IN_CHARGE,써클 담당자를 알려줘
1120,ECS_SNC_SS1_CIRCLE_INQUIRY_THE_PERSON_IN_CHARGE,김람수
1121,ECS_SNC_SS1_CIRCLE_INQUIRY_THE_PERSON_IN_CHARGE,한화S&C
1122,ECS_SNC_SS1_CIRCLE_INQUIRY_THE_PERSON_IN_CHARGE,발령담당자 알려주세요
1123,ECS_SNC_SS1_CIRCLE_INQUIRY_THE_PERSON_IN_CHARGE,전자결제 담당자
1124,ECS_SNC_SS1_CIRCLE_INQUIRY_THE_PERSON_IN_CHARGE,보안 담당자
1125,ECS_SNC_SS1_CIRCLE_INQUIRY_THE_PERSON_IN_CHARGE,연구소 팀장
1126,ECS_SNC_SS1_CIRCLE_INQUIRY_THE_PERSON_IN_CHARGE,계약 담당자
1127,ECS_SNC_SS1_CIRCLE_INQUIRY_THE_PERSON_IN_CHARGE,기술연구소 팀장
1128,ECS_SNC_SS1_CIRCLE_INQUIRY_THE_PERSON_IN_CHARGE,이진
1129,ECS_SNC_SS1_CIRCLE_INQUIRY_THE_PERSON_IN_CHARGE,대표이사 알려줘
1130,ECS_SNC_SS1_CIRCLE_INQUIRY_THE_PERSON_IN_CHARGE,현지훈 담당업무는
1131,ECS_SNC_SS1_CIRCLE_INQUIRY_THE_PERSON_IN_CHARGE,H-AI문의처
1132,ECS_SNC_SS1_CIRCLE_INQUIRY_THE_PERSON_IN_CHARGE,제조운영팀 최범진 과장의 전화번호는?
1133,ECS_SNC_SS1_CIRCLE_INQUIRY_THE_PERSON_IN_CHARGE,구매담당자가 누구야?
1134,ECS_SNC_SS1_CIRCLE_INQUIRY_THE_PERSON_IN_CHARGE,정성욱
1135,ECS_SNC_SS1_CIRCLE_INQUIRY_THE_PERSON_IN_CHARGE,내일 임원발표하니?
1136,ECS_SNC_SS1_CIRCLE_INQUIRY_THE_PERSON_IN_CHARGE,인사팀장
1137,ECS_SNC_SS1_CIRCLE_INQUIRY_THE_PERSON_IN_CHARGE,강건식 차장 업무는 ?
1138,ECS_SNC_SS1_CIRCLE_INQUIRY_THE_PERSON_IN_CHARGE,내일 임원발표?
1139,ECS_SNC_SS1_CIRCLE_INQUIRY_THE_PERSON_IN_CHARGE,윤혁준
1140,ECS_SNC_SS1_CIRCLE_INQUIRY_THE_PERSON_IN_CHARGE,박재관차장 어디갔나요 ?
1141,ECS_SNC_SS1_CIRCLE_INQUIRY_THE_PERSON_IN_CHARGE,경력채용 담당자
1142,ECS_SNC_SS1_CIRCLE_INQUIRY_THE_PERSON_IN_CHARGE,김유정
1143,ECS_SNC_SS1_CIRCLE_INQUIRY_THE_PERSON_IN_CHARGE,한화리조트 아이리스 담당자는 누구죠?
1144,ECS_SNC_SS1_CIRCLE_INQUIRY_THE_PERSON_IN_CHARGE,문서보안 담당자 오성도 사원말고 또 없어?
1145,ECS_SNC_SS1_CIRCLE_INQUIRY_THE_PERSON_IN_CHARGE,워크플레이스 담당자
1146,ECS_SNC_SS1_CIRCLE_INQUIRY_THE_PERSON_IN_CHARGE,최범진 과장
1147,ECS_SNC_SS1_CIRCLE_INQUIRY_THE_PERSON_IN_CHARGE,정해진 부장 몰라?
1148,ECS_SNC_SS1_CIRCLE_INQUIRY_THE_PERSON_IN_CHARGE,사내 담당자 조회
1149,ECS_SNC_SS1_CIRCLE_INQUIRY_THE_PERSON_IN_CHARGE,너의 팀장님은 누구니?
1150,ECS_SNC_SS1_CIRCLE_INQUIRY_THE_PERSON_IN_CHARGE,우리팀 코스트센터번호
1151,ECS_SNC_SS1_CIRCLE_INQUIRY_THE_PERSON_IN_CHARGE,교육영업은 누구야?
1152,ECS_SNC_SS1_CIRCLE_INQUIRY_THE_PERSON_IN_CHARGE,테크윈 파일서버 담당자
1153,ECS_SNC_SS1_CIRCLE_INQUIRY_THE_PERSON_IN_CHARGE,강희정
1154,ECS_SNC_SS1_CIRCLE_INQUIRY_THE_PERSON_IN_CHARGE,S&C 대표이사 이르음?
1155,ECS_SNC_SS1_CIRCLE_INQUIRY_THE_PERSON_IN_CHARGE,사장님
1156,ECS_SNC_SS1_CIRCLE_INQUIRY_THE_PERSON_IN_CHARGE,나 팀장 아니다
1157,ECS_SNC_SS1_CIRCLE_INQUIRY_THE_PERSON_IN_CHARGE,메일 담당자는 누구지
1158,ECS_SNC_SS1_CIRCLE_INQUIRY_THE_PERSON_IN_CHARGE,한똘똘 운영자
1159,ECS_SNC_SS1_CIRCLE_INQUIRY_THE_PERSON_IN_CHARGE,보안관제는 누가 합니까
1160,ECS_SNC_SS1_CIRCLE_INQUIRY_THE_PERSON_IN_CHARGE,그룹웨어 모바일
1161,ECS_SNC_SS1_CIRCLE_INQUIRY_THE_PERSON_IN_CHARGE,우리팀 막내가 누구야
1162,ECS_SNC_SS1_CIRCLE_INQUIRY_THE_PERSON_IN_CHARGE,서버 담당자
1163,ECS_SNC_SS1_CIRCLE_INQUIRY_THE_PERSON_IN_CHARGE,품질 담당자
1164,ECS_SNC_SS1_CIRCLE_INQUIRY_THE_PERSON_IN_CHARGE,부서
1165,ECS_SNC_SS1_CIRCLE_INQUIRY_THE_PERSON_IN_CHARGE,IPTV 담당자
1166,ECS_SNC_SS1_CIRCLE_INQUIRY_THE_PERSON_IN_CHARGE,한화리조트 아이리스
1167,ECS_SNC_SS1_CIRCLE_INQUIRY_THE_PERSON_IN_CHARGE,백진욱 부장
1168,ECS_SNC_SS1_CIRCLE_INQUIRY_THE_PERSON_IN_CHARGE,써클 모바일 앱
1169,ECS_SNC_SS1_CIRCLE_INQUIRY_THE_PERSON_IN_CHARGE,김남권
1170,ECS_SNC_SS1_CIRCLE_INQUIRY_THE_PERSON_IN_CHARGE,금융부문장
1171,ECS_SNC_SS1_CIRCLE_INQUIRY_THE_PERSON_IN_CHARGE,교육 담당
1172,ECS_SNC_SS1_CIRCLE_INQUIRY_THE_PERSON_IN_CHARGE,휴가관련 담당자가 누구야
1173,ECS_SNC_SS1_CIRCLE_INQUIRY_THE_PERSON_IN_CHARGE,이종우
1174,ECS_SNC_SS1_CIRCLE_INQUIRY_THE_PERSON_IN_CHARGE,육성 담당
1175,ECS_SNC_SS1_CIRCLE_INQUIRY_THE_PERSON_IN_CHARGE,김용욱
1176,ECS_SNC_SS1_CIRCLE_INQUIRY_THE_PERSON_IN_CHARGE,김형태
1177,ECS_SNC_SS1_CIRCLE_INQUIRY_THE_PERSON_IN_CHARGE,장미영 차장
1178,ECS_SNC_SS1_CIRCLE_INQUIRY_THE_PERSON_IN_CHARGE,클라우드 담당자
1179,ECS_SNC_SS1_CIRCLE_INQUIRY_THE_PERSON_IN_CHARGE,신현종 과장의 업무는?
1180,ECS_SNC_SS1_CIRCLE_INQUIRY_THE_PERSON_IN_CHARGE,vpn 담당자
1181,ECS_SNC_SS1_CIRCLE_INQUIRY_THE_PERSON_IN_CHARGE,급여담당자는 누구예요?
1182,ECS_SNC_SS1_CIRCLE_INQUIRY_THE_PERSON_IN_CHARGE,영업담당자
1183,ECS_SNC_SS1_CIRCLE_INQUIRY_THE_PERSON_IN_CHARGE,한화생명
1184,ECS_SNC_SS1_CIRCLE_INQUIRY_THE_PERSON_IN_CHARGE,인사 담당자
1185,ECS_SNC_SS1_CIRCLE_INQUIRY_THE_PERSON_IN_CHARGE,채용담당자
1186,ECS_SNC_SS1_CIRCLE_INQUIRY_THE_PERSON_IN_CHARGE,김일
1187,ECS_SNC_SS1_CIRCLE_INQUIRY_THE_PERSON_IN_CHARGE,한똘똘 사원님 장관상 수상을 축하드린다고요.
1188,ECS_SNC_SS1_CIRCLE_INQUIRY_THE_PERSON_IN_CHARGE,SmartNAC 담당자
1189,ECS_SNC_SS1_CIRCLE_INQUIRY_THE_PERSON_IN_CHARGE,이진복
1190,ECS_SNC_SS1_CIRCLE_INQUIRY_THE_PERSON_IN_CHARGE,협업포탈
1191,ECS_SNC_SS1_CIRCLE_INQUIRY_THE_PERSON_IN_CHARGE,김영수
1192,ECS_SNC_SS1_CIRCLE_INQUIRY_THE_PERSON_IN_CHARGE,윤준성
1193,ECS_SNC_SS1_CIRCLE_INQUIRY_THE_PERSON_IN_CHARGE,경력채용은 누구야?
1194,ECS_SNC_SS1_CIRCLE_INQUIRY_THE_PERSON_IN_CHARGE,연구소장은
1195,ECS_SNC_SS1_CIRCLE_INQUIRY_THE_PERSON_IN_CHARGE,결혼휴가 관련해서 누구한테 물어봐야되나요?
1196,ECS_SNC_SS1_CIRCLE_INQUIRY_THE_PERSON_IN_CHARGE,itsm 관리자..
1197,ECS_SNC_SS1_CIRCLE_INQUIRY_THE_PERSON_IN_CHARGE,한화이글스 검색해줘
1198,ECS_SNC_SS1_CIRCLE_INQUIRY_THE_PERSON_IN_CHARGE,연구소장
1199,ECS_SNC_SS1_CIRCLE_INQUIRY_THE_PERSON_IN_CHARGE,명함 담당자
1200,ECS_SNC_SS1_CIRCLE_INQUIRY_THE_PERSON_IN_CHARGE,업무범위
1201,ECS_SNC_SS1_CIRCLE_INQUIRY_THE_PERSON_IN_CHARGE,시스템 담당자는
1202,ECS_SNC_SS1_CIRCLE_INQUIRY_THE_PERSON_IN_CHARGE,서비스ITO팀장님
1203,ECS_SNC_SS1_CIRCLE_INQUIRY_THE_PERSON_IN_CHARGE,시내교통비 담당자가 누구야?
1204,ECS_SNC_SS1_CIRCLE_INQUIRY_THE_PERSON_IN_CHARGE,인장
1205,ECS_SNC_SS1_CIRCLE_INQUIRY_THE_PERSON_IN_CHARGE,인사 채용담당자는 누구
1206,ECS_SNC_SS1_CIRCLE_INQUIRY_THE_PERSON_IN_CHARGE,아웃룩 담당자
1207,ECS_SNC_SS1_CIRCLE_INQUIRY_THE_PERSON_IN_CHARGE,한화케미칼 대표
1208,ECS_SNC_SS1_CIRCLE_INQUIRY_THE_PERSON_IN_CHARGE,한화S&C 대표
1209,ECS_SNC_SS1_CIRCLE_INQUIRY_THE_PERSON_IN_CHARGE,기술연구소 소장
1210,ECS_SNC_SS1_CIRCLE_INQUIRY_THE_PERSON_IN_CHARGE,모바일 네트워크 담당자
1211,ECS_SNC_SS1_CIRCLE_INQUIRY_THE_PERSON_IN_CHARGE,PC 문제 전문가
1212,ECS_SNC_SS1_CIRCLE_INQUIRY_THE_PERSON_IN_CHARGE,행낭 담당자가 누구인지요?
1213,ECS_SNC_SS1_CIRCLE_INQUIRY_THE_PERSON_IN_CHARGE,윤태윤 대리는?
1214,ECS_SNC_SS1_CIRCLE_INQUIRY_THE_PERSON_IN_CHARGE,회장님의 이름은?
1215,ECS_SNC_SS1_CIRCLE_INQUIRY_THE_PERSON_IN_CHARGE,보안운영팀 CCTR
1216,ECS_SNC_SS1_CIRCLE_INQUIRY_THE_PERSON_IN_CHARGE,한똘똘담당자
1217,ECS_SNC_SS1_CIRCLE_INQUIRY_THE_PERSON_IN_CHARGE,구 이글오피스 담당자
1218,ECS_SNC_SS1_CIRCLE_INQUIRY_THE_PERSON_IN_CHARGE,서지영
1219,ECS_SNC_SS1_CIRCLE_INQUIRY_THE_PERSON_IN_CHARGE,사내담당자 강기복
1220,ECS_SNC_SS1_CIRCLE_INQUIRY_THE_PERSON_IN_CHARGE,스마트 팩토리 TF 담당자
1221,ECS_SNC_SS1_CIRCLE_INQUIRY_THE_PERSON_IN_CHARGE,인사팀 업무분장
1222,ECS_SNC_SS1_CIRCLE_INQUIRY_THE_PERSON_IN_CHARGE,출장정산
1223,ECS_SNC_SS1_CIRCLE_INQUIRY_THE_PERSON_IN_CHARGE,출장 담당자
1224,ECS_SNC_SS1_CIRCLE_INQUIRY_THE_PERSON_IN_CHARGE,안준희
1225,ECS_SNC_SS1_CIRCLE_INQUIRY_THE_PERSON_IN_CHARGE,장미영
1226,ECS_SNC_SS1_CIRCLE_INQUIRY_THE_PERSON_IN_CHARGE,ep 담당자
1227,ECS_SNC_SS1_CIRCLE_INQUIRY_THE_PERSON_IN_CHARGE,e-HR 담당자는
1228,ECS_SNC_SS1_CIRCLE_INQUIRY_THE_PERSON_IN_CHARGE,신윤정 사원
1229,ECS_SNC_SS1_CIRCLE_INQUIRY_THE_PERSON_IN_CHARGE,노무담당자는 누구인가요
1230,ECS_SNC_SS1_CIRCLE_INQUIRY_THE_PERSON_IN_CHARGE,데이터 재과금 담당자
1231,ECS_SNC_SS1_CIRCLE_INQUIRY_THE_PERSON_IN_CHARGE,모바일 어플리케이션 담당자
1232,ECS_SNC_SS1_CIRCLE_INQUIRY_THE_PERSON_IN_CHARGE,우리회사 상무님 리스트
1233,ECS_SNC_SS1_CIRCLE_INQUIRY_THE_PERSON_IN_CHARGE,김현수는 어디에 있나요?
1234,ECS_SNC_SS1_CIRCLE_INQUIRY_THE_PERSON_IN_CHARGE,김준우 대리의 연락처는?
1235,ECS_SNC_SS1_CIRCLE_INQUIRY_THE_PERSON_IN_CHARGE,신입채용 담당자는 누구인가요
1236,ECS_SNC_SS1_CIRCLE_INQUIRY_THE_PERSON_IN_CHARGE,이현수 차장
1237,ECS_SNC_SS1_CIRCLE_INQUIRY_THE_PERSON_IN_CHARGE,전용훈
1238,ECS_SNC_SS1_CIRCLE_INQUIRY_THE_PERSON_IN_CHARGE,써클 개발서버
1239,ECS_SNC_SS1_CIRCLE_INQUIRY_THE_PERSON_IN_CHARGE,장수희
1240,ECS_SNC_SS1_CIRCLE_INQUIRY_THE_PERSON_IN_CHARGE,윤준성이 누구야?
1241,ECS_SNC_SS1_CIRCLE_INQUIRY_THE_PERSON_IN_CHARGE,서성웅 과장님
1242,ECS_SNC_SS1_CIRCLE_INQUIRY_THE_PERSON_IN_CHARGE,교육 담당자 누구야?
1243,ECS_SNC_SS1_CIRCLE_INQUIRY_THE_PERSON_IN_CHARGE,서성웅
1244,ECS_SNC_SS1_CIRCLE_INQUIRY_THE_PERSON_IN_CHARGE,담당자 워크플레이스
1245,ECS_SNC_SS1_CIRCLE_INQUIRY_THE_PERSON_IN_CHARGE,계약담당자
1246,ECS_SNC_SS1_CIRCLE_INQUIRY_THE_PERSON_IN_CHARGE,박태영
1247,ECS_SNC_SS1_CIRCLE_INQUIRY_THE_PERSON_IN_CHARGE,총무 담당자는?
1248,ECS_SNC_SS1_CIRCLE_INQUIRY_THE_PERSON_IN_CHARGE,갤러리아 서버 담당자는?
1249,ECS_SNC_SS1_CIRCLE_INQUIRY_THE_PERSON_IN_CHARGE,총무 담당
1250,ECS_SNC_SS1_CIRCLE_INQUIRY_THE_PERSON_IN_CHARGE,출장 담당자가 누구야?
1251,ECS_SNC_SS1_CIRCLE_INQUIRY_THE_PERSON_IN_CHARGE,이글PMS 운영자
1252,ECS_SNC_SS1_CIRCLE_INQUIRY_THE_PERSON_IN_CHARGE,팀보안담당자
1253,ECS_SNC_SS1_CIRCLE_INQUIRY_THE_PERSON_IN_CHARGE,S&C 종업원 수는?
1254,ECS_SNC_SS1_CIRCLE_INQUIRY_THE_PERSON_IN_CHARGE,전임 연구소장은
1255,ECS_SNC_SS1_CIRCLE_INQUIRY_THE_PERSON_IN_CHARGE,총무 담당자
1256,ECS_SNC_SS1_CIRCLE_INQUIRY_THE_PERSON_IN_CHARGE,내이름은 유수진이야
1257,ECS_SNC_SS1_CIRCLE_INQUIRY_THE_PERSON_IN_CHARGE,김호석 핸드폰 번호
1258,ECS_SNC_SS1_CIRCLE_INQUIRY_THE_PERSON_IN_CHARGE,모바일 네트워크
1259,ECS_SNC_SS1_CIRCLE_INQUIRY_THE_PERSON_IN_CHARGE,보안운영팀
1260,ECS_SNC_SS1_CIRCLE_INQUIRY_THE_PERSON_IN_CHARGE,sap 문의
1261,ECS_SNC_SS1_CIRCLE_INQUIRY_THE_PERSON_IN_CHARGE,ip관리 담당자
1262,ECS_SNC_SS1_CIRCLE_INQUIRY_THE_PERSON_IN_CHARGE,윤태윤
1263,ECS_SNC_SS1_CIRCLE_INQUIRY_THE_PERSON_IN_CHARGE,HONE 담당자
1264,ECS_SNC_SS1_CIRCLE_INQUIRY_THE_PERSON_IN_CHARGE,배송비
1265,ECS_SNC_SS1_CIRCLE_INQUIRY_THE_PERSON_IN_CHARGE,휴가 담당자는 누구죠?
1266,ECS_SNC_SS1_CIRCLE_INQUIRY_THE_PERSON_IN_CHARGE,컴퓨터 구매하려고 하는데 담당자 좀 알려줘
1267,ECS_SNC_SS1_CIRCLE_INQUIRY_THE_PERSON_IN_CHARGE,한화s&c 연구소 소장은 누구인가요
1268,ECS_SNC_SS1_CIRCLE_INQUIRY_THE_PERSON_IN_CHARGE,it 담당자는 누구야
1269,ECS_SNC_SS1_CIRCLE_INQUIRY_THE_PERSON_IN_CHARGE,한화그룹 회장님의 이름은?
1270,ECS_SNC_SS1_CIRCLE_INQUIRY_THE_PERSON_IN_CHARGE,문서보안 담당 누구 ?
1271,ECS_SNC_SS1_CIRCLE_INQUIRY_THE_PERSON_IN_CHARGE,혹시 박수진씨가 누군지 아니?
1272,ECS_SNC_SS1_CIRCLE_INQUIRY_THE_PERSON_IN_CHARGE,연차 담당자
1273,ECS_SNC_SS1_CIRCLE_INQUIRY_THE_PERSON_IN_CHARGE,PClient 담당자
1274,ECS_SNC_SS1_CIRCLE_INQUIRY_THE_PERSON_IN_CHARGE,안수현
1275,ECS_SNC_SS1_CIRCLE_INQUIRY_THE_PERSON_IN_CHARGE,대표이사님 비서분 성함은?
1276,ECS_SNC_SS1_CIRCLE_INQUIRY_THE_PERSON_IN_CHARGE,문서보안 담당자 누구야?
1277,ECS_SNC_SS1_CIRCLE_INQUIRY_THE_PERSON_IN_CHARGE,한화케미칼 개인정보DB암호화및접근제어 PM비용 알려주세요
1278,ECS_SNC_SS1_CIRCLE_INQUIRY_THE_PERSON_IN_CHARGE,수행본부장은 누구셔?
1279,ECS_SNC_SS1_CIRCLE_INQUIRY_THE_PERSON_IN_CHARGE,퇴직금 담당자 알려주세요
1280,ECS_SNC_SS1_CIRCLE_INQUIRY_THE_PERSON_IN_CHARGE,담당자 조회
1281,ECS_SNC_SS1_CIRCLE_INQUIRY_THE_PERSON_IN_CHARGE,다른 문서보안 담당자
1282,ECS_SNC_SS1_CIRCLE_INQUIRY_THE_PERSON_IN_CHARGE,손제석
1283,ECS_SNC_SS1_CIRCLE_INQUIRY_THE_PERSON_IN_CHARGE,머야 저녀석
1284,ECS_SNC_SS1_CIRCLE_INQUIRY_THE_PERSON_IN_CHARGE,리조트 담당자 누구인지 알려줘
1285,ECS_SNC_SS1_CIRCLE_INQUIRY_THE_PERSON_IN_CHARGE,S&C 조직도를 보여줘
1286,ECS_SNC_SS1_CIRCLE_INQUIRY_THE_PERSON_IN_CHARGE,한화 IDC
1287,ECS_SNC_SS1_CIRCLE_INQUIRY_THE_PERSON_IN_CHARGE,연구소 소장
1288,ECS_SNC_SS1_CIRCLE_INQUIRY_THE_PERSON_IN_CHARGE,김지만 부장 소속은?
1289,ECS_SNC_SS1_CIRCLE_INQUIRY_THE_PERSON_IN_CHARGE,김일 전화번호
1290,ECS_SNC_SS1_CIRCLE_INQUIRY_THE_PERSON_IN_CHARGE,pi팀 팀장
1291,ECS_SNC_SS1_CIRCLE_INQUIRY_THE_PERSON_IN_CHARGE,진명국
1292,ECS_SNC_SS1_CIRCLE_INQUIRY_THE_PERSON_IN_CHARGE,회계시스템 담당자
1293,ECS_SNC_SS1_CIRCLE_INQUIRY_THE_PERSON_IN_CHARGE,h솔루션 대표이사는
1294,ECS_SNC_SS1_CIRCLE_INQUIRY_THE_PERSON_IN_CHARGE,itsm관리자가 누구죠
1295,ECS_SNC_SS1_CIRCLE_INQUIRY_THE_PERSON_IN_CHARGE,우리 팀장님 이름은?
1296,ECS_SNC_SS1_CIRCLE_INQUIRY_THE_PERSON_IN_CHARGE,회계팀장
1297,ECS_SNC_SS1_CIRCLE_INQUIRY_THE_PERSON_IN_CHARGE,이준우 연락처
1298,ECS_SNC_SS1_CIRCLE_INQUIRY_THE_PERSON_IN_CHARGE,PI팀
1299,ECS_SNC_SS1_CIRCLE_INQUIRY_THE_PERSON_IN_CHARGE,장홍준 대리 번호는?
1300,ECS_SNC_SS1_CIRCLE_INQUIRY_SUPPORTING_BUSINESS,매출
1301,ECS_SNC_SS1_CIRCLE_INQUIRY_SUPPORTING_BUSINESS,경조휴가 결재
1302,ECS_SNC_SS1_CIRCLE_INQUIRY_SUPPORTING_BUSINESS,미국 지도
1303,ECS_SNC_SS1_CIRCLE_INQUIRY_SUPPORTING_BUSINESS,예산배정은 언제 돼?
1304,ECS_SNC_SS1_CIRCLE_INQUIRY_SUPPORTING_BUSINESS,여의도까지 어떻게 가지?
1305,ECS_SNC_SS1_CIRCLE_INQUIRY_SUPPORTING_BUSINESS,휴대폰 비용지원
1306,ECS_SNC_SS1_CIRCLE_INQUIRY_SUPPORTING_BUSINESS,스마트검진
1307,ECS_SNC_SS1_CIRCLE_INQUIRY_SUPPORTING_BUSINESS,성과급 지급
1308,ECS_SNC_SS1_CIRCLE_INQUIRY_SUPPORTING_BUSINESS,프린트 설치
1309,ECS_SNC_SS1_CIRCLE_INQUIRY_SUPPORTING_BUSINESS,복지
1310,ECS_SNC_SS1_CIRCLE_INQUIRY_SUPPORTING_BUSINESS,구매 전결권한
1311,ECS_SNC_SS1_CIRCLE_INQUIRY_SUPPORTING_BUSINESS,조직도
1312,ECS_SNC_SS1_CIRCLE_INQUIRY_SUPPORTING_BUSINESS,복리후생
1313,ECS_SNC_SS1_CIRCLE_INQUIRY_SUPPORTING_BUSINESS,재직증명서는?
1314,ECS_SNC_SS1_CIRCLE_INQUIRY_SUPPORTING_BUSINESS,오늘 주식 시세 알려줘
1315,ECS_SNC_SS1_CIRCLE_INQUIRY_SUPPORTING_BUSINESS,급여체계
1316,ECS_SNC_SS1_CIRCLE_INQUIRY_SUPPORTING_BUSINESS,학자금 신청
1317,ECS_SNC_SS1_CIRCLE_INQUIRY_SUPPORTING_BUSINESS,소규모 사업의 기준이 얼마인가요?
1318,ECS_SNC_SS1_CIRCLE_INQUIRY_SUPPORTING_BUSINESS,전승현사원의 업무
1319,ECS_SNC_SS1_CIRCLE_INQUIRY_SUPPORTING_BUSINESS,리조트 예약
1320,ECS_SNC_SS1_CIRCLE_INQUIRY_SUPPORTING_BUSINESS,사내복지 제도에 대해서 말해줄래?
1321,ECS_SNC_SS1_CIRCLE_INQUIRY_SUPPORTING_BUSINESS,비대면계좌개설?
1322,ECS_SNC_SS1_CIRCLE_INQUIRY_SUPPORTING_BUSINESS,연차 몇개 남았지?
1323,ECS_SNC_SS1_CIRCLE_INQUIRY_SUPPORTING_BUSINESS,신승아 사원 출근했는가?
1324,ECS_SNC_SS1_CIRCLE_INQUIRY_SUPPORTING_BUSINESS,내 이력 알려줘
1325,ECS_SNC_SS1_CIRCLE_INQUIRY_SUPPORTING_BUSINESS,인사제도
1326,ECS_SNC_SS1_CIRCLE_INQUIRY_SUPPORTING_BUSINESS,직출 지원
1327,ECS_SNC_SS1_CIRCLE_INQUIRY_SUPPORTING_BUSINESS,휴가제도
1328,ECS_SNC_SS1_CIRCLE_INQUIRY_SUPPORTING_BUSINESS,출근시간
1329,ECS_SNC_SS1_CIRCLE_INQUIRY_SUPPORTING_BUSINESS,전표 면세처리 방법
1330,ECS_SNC_SS1_CIRCLE_INQUIRY_SUPPORTING_BUSINESS,리조트
1331,ECS_SNC_SS1_CIRCLE_INQUIRY_SUPPORTING_BUSINESS,나두 임직원이야..
1332,ECS_SNC_SS1_CIRCLE_INQUIRY_SUPPORTING_BUSINESS,사원증
1333,ECS_SNC_SS1_CIRCLE_INQUIRY_SUPPORTING_BUSINESS,스마트 프린터
1334,ECS_SNC_SS1_CIRCLE_INQUIRY_SUPPORTING_BUSINESS,사내제도 안내
1335,ECS_SNC_SS1_CIRCLE_INQUIRY_SUPPORTING_BUSINESS,강기복 전화번호
1336,ECS_SNC_SS1_CIRCLE_INQUIRY_SUPPORTING_BUSINESS,프린터
1337,ECS_SNC_SS1_CIRCLE_INQUIRY_SUPPORTING_BUSINESS,휴가 관련 제도 좀 알려줘
1338,ECS_SNC_SS1_CIRCLE_INQUIRY_SUPPORTING_BUSINESS,경조사신청절차 알려줘
1339,ECS_SNC_SS1_CIRCLE_INQUIRY_SUPPORTING_BUSINESS,경조사신청
1340,ECS_SNC_SS1_CIRCLE_INQUIRY_SUPPORTING_BUSINESS,연차수당
1341,ECS_SNC_SS1_CIRCLE_INQUIRY_SUPPORTING_BUSINESS,나도집에가고싶다
1342,ECS_SNC_SS1_CIRCLE_INQUIRY_SUPPORTING_BUSINESS,사내 복지 제도
1343,ECS_SNC_SS1_CIRCLE_INQUIRY_SUPPORTING_BUSINESS,외주직원 IP 재설정
1344,ECS_SNC_SS1_CIRCLE_INQUIRY_SUPPORTING_BUSINESS,제조운영팀 조직도는?
1345,ECS_SNC_SS1_CIRCLE_INQUIRY_SUPPORTING_BUSINESS,해외출장비 규정은?
1346,ECS_SNC_SS1_CIRCLE_INQUIRY_SUPPORTING_BUSINESS,노트북 신청
1347,ECS_SNC_SS1_CIRCLE_INQUIRY_SUPPORTING_BUSINESS,노트북 반납
1348,ECS_SNC_SS1_CIRCLE_INQUIRY_SUPPORTING_BUSINESS,복지몰
1349,ECS_SNC_SS1_CIRCLE_INQUIRY_SUPPORTING_BUSINESS,전결 규정
1350,ECS_SNC_SS1_CIRCLE_INQUIRY_SUPPORTING_BUSINESS,S&C 2016년 매출현황
1351,ECS_SNC_SS1_CIRCLE_INQUIRY_SUPPORTING_BUSINESS,성과관리 체계
1352,ECS_SNC_SS1_CIRCLE_INQUIRY_SUPPORTING_BUSINESS,중국 지도
1353,ECS_SNC_SS1_CIRCLE_INQUIRY_SUPPORTING_BUSINESS,급여
1354,ECS_SNC_SS1_CIRCLE_INQUIRY_SUPPORTING_BUSINESS,제조운영팀 조직도를 알려주세요
1355,ECS_SNC_SS1_CIRCLE_INQUIRY_SUPPORTING_BUSINESS,노트북 구매
1356,ECS_SNC_SS1_CIRCLE_INQUIRY_SUPPORTING_BUSINESS,포상 제도 알려줘
1357,ECS_SNC_SS1_CIRCLE_INQUIRY_SUPPORTING_BUSINESS,내일 9시 출근 신청해줘
1358,ECS_SNC_SS1_CIRCLE_INQUIRY_SUPPORTING_BUSINESS,성과급
1359,ECS_SNC_SS1_CIRCLE_INQUIRY_SUPPORTING_BUSINESS,면세처리
1360,ECS_SNC_SS1_CIRCLE_INQUIRY_SUPPORTING_BUSINESS,퇴직절차
1361,ECS_SNC_SS1_CIRCLE_INQUIRY_SUPPORTING_BUSINESS,신입사원?
1362,ECS_SNC_SS1_CIRCLE_INQUIRY_SUPPORTING_BUSINESS,리프레시 포인트
1363,ECS_SNC_SS1_CIRCLE_INQUIRY_SUPPORTING_BUSINESS,경조사
1364,ECS_SNC_SS1_CIRCLE_INQUIRY_SUPPORTING_BUSINESS,이글오피스 뷰어 어디서 다운받어?
1365,ECS_SNC_SS1_CIRCLE_INQUIRY_SUPPORTING_BUSINESS,연봉
1366,ECS_SNC_SS1_CIRCLE_INQUIRY_SUPPORTING_BUSINESS,하이롱
1367,ECS_SNC_SS1_CIRCLE_INQUIRY_SUPPORTING_BUSINESS,조직활성화
1368,ECS_SNC_SS1_CIRCLE_INQUIRY_SUPPORTING_BUSINESS,16년 매출
1369,ECS_SNC_SS1_CIRCLE_INQUIRY_SUPPORTING_BUSINESS,현재 온도는?
1370,ECS_SNC_SS1_CIRCLE_INQUIRY_SUPPORTING_BUSINESS,휴가는?
1371,ECS_SNC_SS1_CIRCLE_INQUIRY_SUPPORTING_BUSINESS,조명희
1372,ECS_SNC_SS1_CIRCLE_INQUIRY_SUPPORTING_BUSINESS,아직 공부중이구나
1373,ECS_SNC_SS1_CIRCLE_INQUIRY_SUPPORTING_BUSINESS,34기 신입사원
1374,ECS_SNC_SS1_CIRCLE_INQUIRY_SUPPORTING_BUSINESS,월급
1375,ECS_SNC_SS1_CIRCLE_INQUIRY_SUPPORTING_BUSINESS,근속10년 포상
1376,ECS_SNC_SS1_CIRCLE_INQUIRY_SUPPORTING_BUSINESS,경조신청기준
1377,ECS_SNC_SS1_CIRCLE_INQUIRY_SUPPORTING_BUSINESS,인사평가 기간은?
1378,ECS_SNC_SS1_CIRCLE_INQUIRY_SUPPORTING_BUSINESS,다른 계열사는?
1379,ECS_SNC_SS1_CIRCLE_INQUIRY_SUPPORTING_BUSINESS,급여 조회
1380,ECS_SNC_SS1_CIRCLE_INQUIRY_SUPPORTING_BUSINESS,안식월 제도
1381,ECS_SNC_SS1_CIRCLE_INQUIRY_SUPPORTING_BUSINESS,규정
1382,ECS_SNC_SS1_CIRCLE_INQUIRY_SUPPORTING_BUSINESS,급여정보
1383,ECS_SNC_SS1_CIRCLE_INQUIRY_SUPPORTING_BUSINESS,강기복
1384,ECS_SNC_SS1_CIRCLE_INQUIRY_SUPPORTING_BUSINESS,임직원수
1385,ECS_SNC_SS1_CIRCLE_INQUIRY_SUPPORTING_BUSINESS,내부추천 양식은 어디서 다운 받나요?
1386,ECS_SNC_SS1_CIRCLE_INQUIRY_SUPPORTING_BUSINESS,무선네트워크
1387,ECS_SNC_SS1_CIRCLE_INQUIRY_SUPPORTING_BUSINESS,직원수
1388,ECS_SNC_SS1_CIRCLE_INQUIRY_SUPPORTING_BUSINESS,교육지원
1389,ECS_SNC_SS1_CIRCLE_INQUIRY_SUPPORTING_BUSINESS,인사절차
1390,ECS_SNC_SS1_CIRCLE_INQUIRY_SUPPORTING_BUSINESS,전체 다 알려줘
1391,ECS_SNC_SS1_CIRCLE_INQUIRY_SUPPORTING_BUSINESS,내 급여 조회
1392,ECS_SNC_SS1_CIRCLE_INQUIRY_SUPPORTING_BUSINESS,제도
1393,ECS_SNC_SS1_CIRCLE_INQUIRY_SUPPORTING_BUSINESS,콘도
1394,ECS_SNC_SS1_CIRCLE_INQUIRY_SUPPORTING_BUSINESS,급여 조회는 어디서해?
1395,ECS_SNC_SS1_CIRCLE_INQUIRY_SUPPORTING_BUSINESS,출장비 규정이 궁금해
1396,ECS_SNC_SS1_CIRCLE_INQUIRY_SUPPORTING_BUSINESS,노트북 대여는 어떻게 하나요?
1397,ECS_SNC_SS1_CIRCLE_INQUIRY_SUPPORTING_BUSINESS,한도
1398,ECS_SNC_SS1_CIRCLE_INQUIRY_SUPPORTING_BUSINESS,IT컨설팅 강기복
1399,ECS_SNC_SS1_CIRCLE_INQUIRY_SUPPORTING_BUSINESS,직출 상신
1400,ECS_SNC_SS1_CIRCLE_INQUIRY_SUPPORTING_BUSINESS,서비스데스크 전화번호 알려줘
1401,ECS_SNC_SS1_CIRCLE_INQUIRY_SUPPORTING_BUSINESS,퇴직금이 얼마야?
1402,ECS_SNC_SS1_CIRCLE_INQUIRY_SUPPORTING_BUSINESS,무선
1403,ECS_SNC_SS1_CIRCLE_INQUIRY_SUPPORTING_BUSINESS,프로젝트 공수
1404,ECS_SNC_SS1_CIRCLE_INQUIRY_SUPPORTING_BUSINESS,경조사 제도
1405,ECS_SNC_SS1_CIRCLE_INQUIRY_SUPPORTING_BUSINESS,경조지원
1406,ECS_SNC_SS1_CIRCLE_INQUIRY_SUPPORTING_BUSINESS,리조트이용 제도
1407,ECS_SNC_SS1_CIRCLE_INQUIRY_SUPPORTING_BUSINESS,근태 제도
1408,ECS_SNC_SS1_CIRCLE_INQUIRY_SUPPORTING_BUSINESS,임원
1409,ECS_SNC_SS1_CIRCLE_INQUIRY_SUPPORTING_BUSINESS,조직활성화 교육 일정은?
1410,ECS_SNC_SS1_CIRCLE_INQUIRY_SUPPORTING_BUSINESS,경조휴가 알려주세요
1411,ECS_SNC_SS1_CIRCLE_INQUIRY_SUPPORTING_BUSINESS,소규모 사업
1412,ECS_SNC_SS1_CIRCLE_INQUIRY_SUPPORTING_BUSINESS,피자
1413,ECS_SNC_SS1_CIRCLE_INQUIRY_SUPPORTING_BUSINESS,내 휴가 정보 알려줘
1414,ECS_SNC_SS1_CIRCLE_INQUIRY_SUPPORTING_BUSINESS,네트워크 예외처리
1415,ECS_SNC_SS1_CIRCLE_INQUIRY_SUPPORTING_BUSINESS,한화손해보험
1416,ECS_SNC_SS1_CIRCLE_INQUIRY_SUPPORTING_BUSINESS,퇴직 절차가 궁금해요
1417,ECS_SNC_SS1_CIRCLE_INQUIRY_SUPPORTING_BUSINESS,성과 관리 체계
1418,ECS_SNC_SS1_CIRCLE_INQUIRY_SUPPORTING_BUSINESS,직출보고
1419,ECS_SNC_SS1_CIRCLE_INQUIRY_SUPPORTING_BUSINESS,조직도를 알려주세요
1420,ECS_SNC_SS1_CIRCLE_INQUIRY_SUPPORTING_BUSINESS,신현종 과장 퇴직금은?
1421,ECS_SNC_SS1_CIRCLE_INQUIRY_SUPPORTING_BUSINESS,조직
1422,ECS_SNC_SS1_CIRCLE_INQUIRY_SUPPORTING_BUSINESS,구매프로세스는 어디서 확인 하나요?
1423,ECS_SNC_SS1_CIRCLE_INQUIRY_SUPPORTING_BUSINESS,여전법
1424,ECS_SNC_SS1_CIRCLE_INQUIRY_SUPPORTING_BUSINESS,WBS코드
1425,ECS_SNC_SS1_CIRCLE_INQUIRY_SUPPORTING_BUSINESS,재직증명서
1426,ECS_SNC_SS1_CIRCLE_INQUIRY_SUPPORTING_BUSINESS,구매
1427,ECS_SNC_SS1_CIRCLE_INQUIRY_SUPPORTING_BUSINESS,경조사 지원항목좀 알려줘
1428,ECS_SNC_SS1_CIRCLE_INQUIRY_SUPPORTING_BUSINESS,리프레시포인트
1429,ECS_SNC_SS1_CIRCLE_INQUIRY_SUPPORTING_BUSINESS,코스트센터번호
1430,ECS_SNC_SS1_CIRCLE_INQUIRY_SUPPORTING_BUSINESS,퇴직급여는?
1431,ECS_SNC_SS1_CIRCLE_INQUIRY_SUPPORTING_BUSINESS,직급
1432,ECS_SNC_SS1_CIRCLE_INQUIRY_SUPPORTING_BUSINESS,점심 추천좀 해줘
1433,ECS_SNC_SS1_CIRCLE_INQUIRY_SUPPORTING_BUSINESS,나도 임직원이야
1434,ECS_SNC_SS1_CIRCLE_INQUIRY_SUPPORTING_BUSINESS,법무
1435,ECS_SNC_SS1_CIRCLE_INQUIRY_SUPPORTING_BUSINESS,지각하게 되면 어떻게 하나요?
1436,ECS_SNC_SS1_CIRCLE_INQUIRY_SUPPORTING_BUSINESS,예외처리
1437,ECS_SNC_SS1_CIRCLE_INQUIRY_SUPPORTING_BUSINESS,5분 늦으면 어떻게 해야해?
1438,ECS_SNC_SS1_CIRCLE_INQUIRY_SUPPORTING_BUSINESS,렌터카공제조합 경비 조회해줘
1439,ECS_SNC_SS1_CIRCLE_INQUIRY_SUPPORTING_BUSINESS,급여제도
1440,ECS_SNC_SS1_CIRCLE_INQUIRY_SUPPORTING_BUSINESS,회사 매출
1441,ECS_SNC_SS1_CIRCLE_INQUIRY_SUPPORTING_BUSINESS,회사 정보 알려줘
1442,ECS_SNC_SS1_CIRCLE_INQUIRY_SUPPORTING_BUSINESS,전승현
1443,ECS_SNC_SS1_CIRCLE_INQUIRY_SUPPORTING_BUSINESS,직출
1444,ECS_SNC_SS1_CIRCLE_INQUIRY_SUPPORTING_BUSINESS,리조트 제도
1445,ECS_SNC_SS1_CIRCLE_INQUIRY_SUPPORTING_BUSINESS,포상휴가제도
1446,ECS_SNC_SS1_CIRCLE_INQUIRY_SUPPORTING_BUSINESS,장애대응체계
1447,ECS_SNC_SS1_CIRCLE_INQUIRY_SUPPORTING_BUSINESS,지원 가능한 리스트 보여주세요
1448,ECS_SNC_SS1_CIRCLE_INQUIRY_SUPPORTING_BUSINESS,진급기준
1449,ECS_SNC_SS1_CIRCLE_INQUIRY_SUPPORTING_BUSINESS,퇴직금
1450,ECS_SNC_SS1_CIRCLE_INQUIRY_SUPPORTING_BUSINESS,선원
1451,ECS_SNC_SS1_CIRCLE_INQUIRY_SUPPORTING_BUSINESS,전결규정
1452,ECS_SNC_SS1_CIRCLE_INQUIRY_SUPPORTING_BUSINESS,사내 업무 제도
1453,ECS_SNC_SS1_CIRCLE_INQUIRY_SUPPORTING_BUSINESS,서비스데스크 담당자좀 알려줘
1454,ECS_SNC_SS1_CIRCLE_INQUIRY_SUPPORTING_BUSINESS,전승현 사원의 업무는?
1455,ECS_SNC_SS1_CIRCLE_INQUIRY_SUPPORTING_BUSINESS,이메일 증설
1456,ECS_SNC_SS1_CIRCLE_INQUIRY_SUPPORTING_BUSINESS,자녀학자금지원
1457,ECS_SNC_SS1_CIRCLE_INQUIRY_SUPPORTING_BUSINESS,IP 예외 처리
1458,ECS_SNC_SS1_CIRCLE_INQUIRY_SUPPORTING_BUSINESS,전결규정 좀 알려줘
1459,ECS_SNC_SS1_CIRCLE_INQUIRY_SUPPORTING_BUSINESS,출력
1460,ECS_SNC_SS1_CIRCLE_INQUIRY_SUPPORTING_BUSINESS,렌터카공제조합 경비
1461,ECS_SNC_SS1_CIRCLE_INQUIRY_SUPPORTING_BUSINESS,조휘제
1462,ECS_SNC_SS1_CIRCLE_INQUIRY_SUPPORTING_BUSINESS,퇴직절차좀 알려주세요
1463,ECS_SNC_SS1_CIRCLE_INQUIRY_SUPPORTING_BUSINESS,복지는
1464,ECS_SNC_SS1_CIRCLE_INQUIRY_SUPPORTING_BUSINESS,여의도
1465,ECS_SNC_SS1_CIRCLE_INQUIRY_SUPPORTING_BUSINESS,임원인사
1466,ECS_SNC_SS1_CIRCLE_INQUIRY_SUPPORTING_BUSINESS,나도 임직원이에여
1467,ECS_SNC_SS1_CIRCLE_INQUIRY_SUPPORTING_BUSINESS,경조휴가 휴가
1468,ECS_SNC_SS1_CIRCLE_INQUIRY_SUPPORTING_BUSINESS,무선 인터넷 설치 방법
1469,ECS_SNC_SS1_CIRCLE_INQUIRY_SUPPORTING_BUSINESS,매출 알려줘
1470,ECS_SNC_SS1_CIRCLE_INQUIRY_SUPPORTING_BUSINESS,PC 포맷
1471,ECS_SNC_SS1_CIRCLE_INQUIRY_SUPPORTING_BUSINESS,미국지도
1472,ECS_SNC_SS1_CIRCLE_INQUIRY_SUPPORTING_BUSINESS,커피마시자
1473,ECS_SNC_SS1_CIRCLE_INQUIRY_SUPPORTING_BUSINESS,진급
1474,ECS_SNC_SS1_CIRCLE_INQUIRY_SUPPORTING_BUSINESS,강희정 대리 업무 알려줘
1475,ECS_SNC_SS1_CIRCLE_INQUIRY_SUPPORTING_BUSINESS,퇴사
1476,ECS_SNC_SS1_CIRCLE_INQUIRY_SUPPORTING_BUSINESS,리프레시 포인트는 어떻게 사용할 수 있나요?
1477,ECS_SNC_SS1_CIRCLE_INQUIRY_SUPPORTING_BUSINESS,여의도 헬스키퍼 일정
1478,ECS_SNC_SS1_CIRCLE_INQUIRY_SUPPORTING_BUSINESS,마사지 예약 13층 어떻게 하니
1479,ECS_SNC_SS1_CIRCLE_INQUIRY_SUPPORTING_BUSINESS,계약
1480,ECS_SNC_SS1_CIRCLE_INQUIRY_SUPPORTING_BUSINESS,복지관련 체계
1481,ECS_SNC_SS1_CIRCLE_INQUIRY_SUPPORTING_BUSINESS,소규모 사업의 기준금액이 얼마?
1482,ECS_SNC_SS1_CIRCLE_INQUIRY_SUPPORTING_BUSINESS,회사매출
1483,ECS_SNC_SS1_CIRCLE_INQUIRY_SUPPORTING_BUSINESS,반차 규정
1484,ECS_SNC_SS1_CIRCLE_INQUIRY_SUPPORTING_BUSINESS,모니터 신청
1485,ECS_SNC_SS1_CIRCLE_INQUIRY_SUPPORTING_BUSINESS,PC 세팅
1486,ECS_SNC_SS1_CIRCLE_INQUIRY_SUPPORTING_BUSINESS,리조트이용
1487,ECS_SNC_SS1_CIRCLE_INQUIRY_SUPPORTING_BUSINESS,궁금한게 있어요?
1488,ECS_SNC_SS1_CIRCLE_INQUIRY_SUPPORTING_BUSINESS,고정자산
1489,ECS_SNC_SS1_CIRCLE_INQUIRY_SUPPORTING_BUSINESS,호칭 체계 알려줘
1490,ECS_SNC_SS1_CIRCLE_INQUIRY_SUPPORTING_BUSINESS,신입사원 명단
1491,ECS_SNC_SS1_CIRCLE_INQUIRY_SUPPORTING_BUSINESS,서비스 데스크
1492,ECS_SNC_SS1_CIRCLE_INQUIRY_SUPPORTING_BUSINESS,모바일 네트워크 접속 방법을 알려주세요
1493,ECS_SNC_SS1_CIRCLE_INQUIRY_SUPPORTING_BUSINESS,황승한
1494,ECS_SNC_SS1_CIRCLE_INQUIRY_SUPPORTING_BUSINESS,인사평가 기준은
1495,ECS_SNC_SS1_CIRCLE_INQUIRY_SUPPORTING_BUSINESS,대학 학자금 제도 ?
1496,ECS_SNC_SS1_CIRCLE_INQUIRY_SUPPORTING_BUSINESS,조성국
1497,ECS_SNC_SS1_CIRCLE_INQUIRY_SUPPORTING_BUSINESS,출장품의
1498,ECS_SNC_SS1_CIRCLE_INQUIRY_APPROVAL_FORM_LINK,연차휴가 상신
1499,ECS_SNC_SS1_CIRCLE_INQUIRY_APPROVAL_FORM_LINK,근태 규정
1500,ECS_SNC_SS1_CIRCLE_INQUIRY_APPROVAL_FORM_LINK,전자결재
1501,ECS_SNC_SS1_CIRCLE_INQUIRY_APPROVAL_FORM_LINK,근태
1502,ECS_SNC_SS1_CIRCLE_INQUIRY_APPROVAL_FORM_LINK,연차 상신
1503,ECS_SNC_SS1_CIRCLE_INQUIRY_APPROVAL_FORM_LINK,전자결재(근태) 처리
1504,ECS_SNC_SS1_CIRCLE_INQUIRY_APPROVAL_FORM_LINK,출장비 관련 문의
1505,ECS_SNC_SS1_CIRCLE_INQUIRY_APPROVAL_FORM_LINK,리조트 상신
1506,ECS_SNC_SS1_CIRCLE_INQUIRY_APPROVAL_FORM_LINK,정기휴가
1507,ECS_SNC_SS1_CIRCLE_INQUIRY_APPROVAL_FORM_LINK,반반차 상신
1508,ECS_SNC_SS1_CIRCLE_INQUIRY_APPROVAL_FORM_LINK,리프레시
1509,ECS_SNC_SS1_CIRCLE_INQUIRY_APPROVAL_FORM_LINK,연차쓸래
1510,ECS_SNC_SS1_CIRCLE_INQUIRY_APPROVAL_FORM_LINK,휴가 상
1511,ECS_SNC_SS1_CIRCLE_INQUIRY_APPROVAL_FORM_LINK,반반차
1512,ECS_SNC_SS1_CIRCLE_INQUIRY_APPROVAL_FORM_LINK,연차
1513,ECS_SNC_SS1_CIRCLE_INQUIRY_APPROVAL_FORM_LINK,리프레쉬휴가
1514,ECS_SNC_SS1_CIRCLE_INQUIRY_APPROVAL_FORM_LINK,휴.....
1515,ECS_SNC_SS1_CIRCLE_INQUIRY_APPROVAL_FORM_LINK,포상휴가
1516,ECS_SNC_SS1_CIRCLE_INQUIRY_APPROVAL_FORM_LINK,휴가 결재
1517,ECS_SNC_SS1_CIRCLE_INQUIRY_APPROVAL_FORM_LINK,반차 상신
1518,ECS_SNC_SS1_CIRCLE_INQUIRY_APPROVAL_FORM_LINK,콘도신청
1519,ECS_SNC_SS1_CIRCLE_INQUIRY_APPROVAL_FORM_LINK,현장 출근 상신
1520,ECS_SNC_SS1_CIRCLE_INQUIRY_APPROVAL_FORM_LINK,유연근무
1521,ECS_SNC_SS1_CIRCLE_INQUIRY_APPROVAL_FORM_LINK,전자결재 상신
1522,ECS_SNC_SS1_CIRCLE_INQUIRY_APPROVAL_FORM_LINK,나의 잔여휴가는?
1523,ECS_SNC_SS1_CIRCLE_INQUIRY_APPROVAL_FORM_LINK,반차 신청 결재
1524,ECS_SNC_SS1_CIRCLE_INQUIRY_APPROVAL_FORM_LINK,휴가 상신
1525,ECS_SNC_SS1_CIRCLE_INQUIRY_APPROVAL_FORM_LINK,결재 비밀번호
1526,ECS_SNC_SS1_CIRCLE_INQUIRY_APPROVAL_FORM_LINK,경조사 신청 절차는
1527,ECS_SNC_SS1_CIRCLE_INQUIRY_APPROVAL_FORM_LINK,전자결재 처리
1528,ECS_SNC_SS1_CIRCLE_INQUIRY_APPROVAL_FORM_LINK,출장 상신
1529,ECS_SNC_SS1_CIRCLE_INQUIRY_APPROVAL_FORM_LINK,리조트 신청
1530,ECS_SNC_SS1_CIRCLE_INQUIRY_APPROVAL_FORM_LINK,남은 휴가 알려줘
1531,ECS_SNC_SS1_CIRCLE_INQUIRY_APPROVAL_FORM_LINK,프로젝트 휴가
1532,ECS_SNC_SS1_CIRCLE_INQUIRY_APPROVAL_FORM_LINK,출장비 상신
1533,ECS_SNC_SS1_CIRCLE_INQUIRY_APPROVAL_FORM_LINK,연차는?
1534,ECS_SNC_SS1_CIRCLE_INQUIRY_APPROVAL_FORM_LINK,휴가체계
1535,ECS_SNC_SS1_CIRCLE_INQUIRY_APPROVAL_FORM_LINK,연간 사용 가능한 연차는 몇일 인가요?
1536,ECS_SNC_SS1_CIRCLE_INQUIRY_APPROVAL_FORM_LINK,승마 상신할래
1537,ECS_SNC_SS1_CIRCLE_INQUIRY_APPROVAL_FORM_LINK,근태 상신
1538,ECS_SNC_SS1_CIRCLE_INQUIRY_APPROVAL_FORM_LINK,휴가 결재는 어떻게 올려?
1539,ECS_SNC_SS1_CIRCLE_INQUIRY_APPROVAL_FORM_LINK,이종영휴가
1540,ECS_SNC_SS1_CIRCLE_INQUIRY_APPROVAL_FORM_LINK,잔여 휴가일수
1541,ECS_SNC_SS1_CIRCLE_INQUIRY_APPROVAL_FORM_LINK,휴가신청
1542,ECS_SNC_SS1_CIRCLE_INQUIRY_APPROVAL_FORM_LINK,휴가 제도
1543,ECS_SNC_SS1_CIRCLE_INQUIRY_APPROVAL_FORM_LINK,refresh 휴가 양식
1544,ECS_SNC_SS1_CIRCLE_INQUIRY_APPROVAL_FORM_LINK,남은 휴가
1545,ECS_SNC_SS1_CIRCLE_INQUIRY_APPROVAL_FORM_LINK,지결
1546,ECS_SNC_SS1_CIRCLE_INQUIRY_APPROVAL_FORM_LINK,refresh 휴가
1547,ECS_SNC_SS1_CIRCLE_INQUIRY_APPROVAL_FORM_LINK,근태 전자결재
1548,ECS_SNC_SS1_CIRCLE_INQUIRY_APPROVAL_FORM_LINK,리프레시 상신
1549,ECS_SNC_SS1_CIRCLE_INQUIRY_APPROVAL_FORM_LINK,남은 휴가는
1550,ECS_SNC_SS1_CIRCLE_INQUIRY_APPROVAL_FORM_LINK,결재
1551,ECS_SNC_SS1_CIRCLE_INQUIRY_APPROVAL_FORM_LINK,리프레쉬 상신하고 싶어
1552,ECS_SNC_SS1_CIRCLE_INQUIRY_APPROVAL_FORM_LINK,근태결재
1553,ECS_SNC_SS1_CIRCLE_INQUIRY_APPROVAL_FORM_LINK,근태신청은?
1554,ECS_SNC_SS1_CIRCLE_INQUIRY_APPROVAL_FORM_LINK,휴가
1555,ECS_SNC_SS1_CIRCLE_INQUIRY_APPROVAL_FORM_LINK,출장 전자결재
1556,ECS_SNC_SS1_CIRCLE_INQUIRY_APPROVAL_FORM_LINK,반반차 상신은 어떻게해요?
1557,ECS_SNC_SS1_CIRCLE_INQUIRY_APPROVAL_FORM_LINK,포상 휴가 제도
1558,ECS_SNC_SS1_CIRCLE_INQUIRY_APPROVAL_FORM_LINK,잔여 휴가 얼마 나았냐구
1559,ECS_SNC_SS1_CIRCLE_INQUIRY_APPROVAL_FORM_LINK,반차상신
1560,ECS_SNC_SS1_CIRCLE_INQUIRY_APPROVAL_FORM_LINK,연차 몇개 남았지?
1561,ECS_SNC_SS1_CIRCLE_INQUIRY_APPROVAL_FORM_LINK,교육훈련
1562,ECS_SNC_SS1_CIRCLE_INQUIRY_APPROVAL_FORM_LINK,직출
1563,ECS_SNC_SS1_CIRCLE_INQUIRY_APPROVAL_FORM_LINK,월요일 지연 출근
1564,ECS_SNC_SS1_CIRCLE_INQUIRY_APPROVAL_FORM_LINK,휴가전자결재
1565,ECS_SNC_SS1_CIRCLE_INQUIRY_APPROVAL_FORM_LINK,근태 신청
1566,ECS_SNC_SS1_CIRCLE_INQUIRY_APPROVAL_FORM_LINK,남은 휴가는?
1567,ECS_SNC_SS1_CIRCLE_INQUIRY_APPROVAL_FORM_LINK,대휴 상신
1568,ECS_SNC_SS1_CIRCLE_INQUIRY_APPROVAL_FORM_LINK,휴가기간
1569,ECS_SNC_SS1_CIRCLE_INQUIRY_APPROVAL_FORM_LINK,휴가 제도는?
1570,ECS_SNC_SS1_CIRCLE_INQUIRY_APPROVAL_FORM_LINK,오성도 휴가 결재 상신
1571,ECS_SNC_SS1_CIRCLE_INQUIRY_APPROVAL_FORM_LINK,전자결재 휴가 상신
1572,ECS_SNC_SS1_CIRCLE_INQUIRY_APPROVAL_FORM_LINK,출근은 언제 하니
1573,ECS_SNC_SS1_CIRCLE_INQUIRY_APPROVAL_FORM_LINK,근태 제도
1574,ECS_SNC_SS1_CIRCLE_INQUIRY_APPROVAL_FORM_LINK,경조사 신청 절차
1575,ECS_SNC_SS1_CIRCLE_INQUIRY_APPROVAL_FORM_LINK,휴가조회
1576,ECS_SNC_SS1_CIRCLE_INQUIRY_APPROVAL_FORM_LINK, 근태
1577,ECS_SNC_SS1_CIRCLE_INQUIRY_APPROVAL_FORM_LINK,연차휴가
1578,ECS_SNC_SS1_CIRCLE_INQUIRY_APPROVAL_FORM_LINK,반반차는 어떻게 해?
1579,ECS_SNC_SS1_CIRCLE_INQUIRY_APPROVAL_FORM_LINK,유연근무제 상신
1580,ECS_SNC_SS1_CIRCLE_INQUIRY_APPROVAL_FORM_LINK,전결권한
1581,ECS_SNC_SS1_CIRCLE_INQUIRY_APPROVAL_FORM_LINK,결재 상신
1582,ECS_SNC_SS1_CIRCLE_INQUIRY_APPROVAL_FORM_LINK,연차기간
1583,ECS_SNC_SS1_CIRCLE_INQUIRY_APPROVAL_FORM_LINK,유연근무 신청하려고요
1584,ECS_SNC_SS1_CIRCLE_INQUIRY_APPROVAL_FORM_LINK,리프레쉬 휴가 양식
1585,ECS_SNC_SS1_CIRCLE_INQUIRY_APPROVAL_FORM_LINK,20억 이상 비자1 결재선이 어떻게 되지?
1586,ECS_SNC_SS1_CIRCLE_INQUIRY_APPROVAL_FORM_LINK,내 남음 휴가
1587,ECS_SNC_SS1_CIRCLE_INQUIRY_APPROVAL_FORM_LINK,결재상신하는 방법
1588,ECS_SNC_SS1_CIRCLE_INQUIRY_APPROVAL_FORM_LINK,리프레쉬 휴가 올리고 싶어
1589,ECS_SNC_SS1_CIRCLE_INQUIRY_APPROVAL_FORM_LINK,연차일수
1590,ECS_SNC_SS1_CIRCLE_INQUIRY_APPROVAL_FORM_LINK,자동차보험은 어디가 좋아
1591,ECS_SNC_SS1_CIRCLE_INQUIRY_APPROVAL_FORM_LINK,리조트신청
1592,ECS_SNC_SS1_CIRCLE_INQUIRY_APPROVAL_FORM_LINK,휴가상신?
1593,ECS_SNC_SS1_CIRCLE_INQUIRY_APPROVAL_FORM_LINK,장승완 남은 휴가
1594,ECS_SNC_SS1_CIRCLE_INQUIRY_APPROVAL_FORM_LINK,연차 상신하고 싶어
1595,ECS_SNC_SS1_CIRCLE_INQUIRY_APPROVAL_FORM_LINK,연차 휴가 상
1596,ECS_SNC_SS1_CIRCLE_INQUIRY_APPROVAL_FORM_LINK,전결
1597,ECS_SNC_SS1_CIRCLE_INQUIRY_APPROVAL_FORM_LINK,휴개 결재
1598,ECS_SNC_SS1_CIRCLE_INQUIRY_APPROVAL_FORM_LINK,휴가 신청은 어떻게 하나요
1599,ECS_SNC_SS1_CIRCLE_INQUIRY_APPROVAL_FORM_LINK,연차 상신하고 싶어요
1600,ECS_SNC_SS1_CIRCLE_INQUIRY_APPROVAL_FORM_LINK,내가 반차 휴가 내고 싶은데..
1601,ECS_SNC_SS1_CIRCLE_INQUIRY_APPROVAL_FORM_LINK,출장비
1602,ECS_SNC_SS1_CIRCLE_INQUIRY_APPROVAL_FORM_LINK,써클 결재비밀번호
1603,ECS_SNC_SS1_CIRCLE_INQUIRY_APPROVAL_FORM_LINK,결재 연차쓸래
1604,ECS_SNC_SS1_CIRCLE_INQUIRY_APPROVAL_FORM_LINK,전자결재 근태
1605,ECS_SNC_SS1_CIRCLE_INQUIRY_APPROVAL_FORM_LINK,내 연차 몇개 남았어?
1606,ECS_SNC_SS1_CIRCLE_INQUIRY_APPROVAL_FORM_LINK,업무차량 사용방법
1607,ECS_SNC_SS1_CIRCLE_INQUIRY_APPROVAL_FORM_LINK,안식월 상신
1608,ECS_SNC_SS1_CIRCLE_INQUIRY_APPROVAL_FORM_LINK,연차상신
1609,ECS_SNC_SS1_CIRCLE_INQUIRY_APPROVAL_FORM_LINK,업무용차량
1610,ECS_SNC_SS1_CIRCLE_INQUIRY_APPROVAL_FORM_LINK,포상 휴가
1611,ECS_SNC_SS1_CIRCLE_INQUIRY_APPROVAL_FORM_LINK,내 남은 휴가일수는?
1612,ECS_SNC_SS1_CIRCLE_INQUIRY_APPROVAL_FORM_LINK,휴가자
1613,ECS_SNC_SS1_CIRCLE_INQUIRY_APPROVAL_FORM_LINK,리조트신청 상신
1614,ECS_SNC_SS1_CIRCLE_INQUIRY_APPROVAL_FORM_LINK,안식월 휴가
1615,ECS_SNC_SS1_CIRCLE_INQUIRY_APPROVAL_FORM_LINK,대휴
1616,ECS_SNC_SS1_CIRCLE_INQUIRY_APPROVAL_FORM_LINK,연차갯수
1617,ECS_SNC_SS1_CIRCLE_INQUIRY_APPROVAL_FORM_LINK,나의 잔여 휴가는?
1618,ECS_SNC_SS1_CIRCLE_INQUIRY_APPROVAL_FORM_LINK,출장 결재 하기
1619,ECS_SNC_SS1_CIRCLE_INQUIRY_APPROVAL_FORM_LINK,전자결재 대휴
1620,ECS_SNC_SS1_CIRCLE_INQUIRY_APPROVAL_FORM_LINK,양지로 근태
1621,ECS_SNC_SS1_CIRCLE_INQUIRY_APPROVAL_FORM_LINK,결재상신
1622,ECS_SNC_SS1_CIRCLE_INQUIRY_APPROVAL_FORM_LINK,휴가 전자결재
1623,ECS_SNC_SS1_CIRCLE_INQUIRY_APPROVAL_FORM_LINK,직출품의양식
1624,ECS_SNC_SS1_CIRCLE_INQUIRY_APPROVAL_FORM_LINK,리프레시 휴가
1625,ECS_SNC_SS1_CIRCLE_INQUIRY_APPROVAL_FORM_LINK,잔여 연차를 알려줘
1626,ECS_SNC_SS1_CIRCLE_INQUIRY_APPROVAL_FORM_LINK,반반차 사용이 가능한가요?
1627,ECS_SNC_SS1_CIRCLE_INQUIRY_APPROVAL_FORM_LINK,휴가보내주세요
1628,ECS_SNC_SS1_CIRCLE_INQUIRY_APPROVAL_FORM_LINK,휴가 신청
1629,ECS_SNC_SS1_CIRCLE_INQUIRY_APPROVAL_FORM_LINK,시차출근제
1630,ECS_SNC_SS1_CIRCLE_INQUIRY_APPROVAL_FORM_LINK,연차 휴가를 못 쓰면 어떻게 되나요?
1631,ECS_SNC_SS1_CIRCLE_INQUIRY_APPROVAL_FORM_LINK,근태신청
1632,ECS_SNC_SS1_CIRCLE_INQUIRY_APPROVAL_FORM_LINK,현장 출근
1633,ECS_SNC_SS1_CIRCLE_INQUIRY_APPROVAL_FORM_LINK,차량 예약
1634,ECS_SNC_SS1_CIRCLE_INQUIRY_APPROVAL_FORM_LINK,잔여휴가
1635,ECS_SNC_SS1_CIRCLE_INQUIRY_APPROVAL_FORM_LINK,연차?
1636,ECS_SNC_SS1_CIRCLE_INQUIRY_APPROVAL_FORM_LINK,유연근무제
1637,ECS_SNC_SS1_CIRCLE_INQUIRY_APPROVAL_FORM_LINK,반차와 반반차를 결합해서 쓰고 싶은데 가능한가요?
1638,ECS_SNC_SS1_CIRCLE_INQUIRY_APPROVAL_FORM_LINK,휴가제도
1639,ECS_SNC_SS1_CIRCLE_INQUIRY_APPROVAL_FORM_LINK,저 연차 좀 알수 있을까요?
1640,ECS_SNC_SS1_CIRCLE_INQUIRY_APPROVAL_FORM_LINK,하반기 조직활성화 교육내용은?
1641,ECS_SNC_SS1_CIRCLE_INQUIRY_APPROVAL_FORM_LINK,근태 결재
1642,ECS_SNC_SS1_CIRCLE_INQUIRY_APPROVAL_FORM_LINK,'반반차 상신'
1643,ECS_SNC_PI_ERP_INQUIRY_TEAM_BUDGET,예산좀 알려죠
1644,ECS_SNC_PI_ERP_INQUIRY_TEAM_BUDGET,예산
1645,ECS_SNC_PI_ERP_INQUIRY_TEAM_BUDGET,통제성경비
1646,ECS_SNC_PI_ERP_INQUIRY_TEAM_BUDGET,한화생명준비TFT 통제예산조회
1647,ECS_SNC_PI_ERP_INQUIRY_TEAM_BUDGET,팀예산 조회
1648,ECS_SNC_PI_ERP_INQUIRY_TEAM_BUDGET,팀 경비
1649,ECS_SNC_PI_ERP_INQUIRY_TEAM_BUDGET,경비
1650,ECS_SNC_PI_ERP_INQUIRY_TEAM_BUDGET,팀비용
1651,ECS_SNC_PI_ERP_INQUIRY_TEAM_BUDGET,예산?
1652,ECS_SNC_PI_ERP_INQUIRY_TEAM_BUDGET,팀 근태 알려줘
1653,ECS_SNC_PI_ERP_INQUIRY_TEAM_BUDGET,팀근태 알려줘
1654,ECS_SNC_PI_ERP_INQUIRY_TEAM_BUDGET,팀경비내역은?
1655,ECS_SNC_PI_ERP_INQUIRY_TEAM_BUDGET,부서예산
1656,ECS_SNC_PI_ERP_INQUIRY_TEAM_BUDGET,기획팀 예산
1657,ECS_SNC_PI_ERP_INQUIRY_TEAM_BUDGET,보안운영팀 예산
1658,ECS_SNC_PI_ERP_INQUIRY_TEAM_BUDGET,제조운영팀 예산 알려줘
1659,ECS_SNC_PI_ERP_INQUIRY_TEAM_BUDGET,팀 경비 알려줘
1660,ECS_SNC_PI_ERP_INQUIRY_TEAM_BUDGET,제서PJT팀(팀장) 예산
1661,ECS_SNC_PI_ERP_INQUIRY_TEAM_BUDGET,자금운영 잔여예산
1662,ECS_SNC_PI_ERP_INQUIRY_TEAM_BUDGET,야근식대
1663,ECS_SNC_PI_ERP_INQUIRY_TEAM_BUDGET,우리 파트 예산은
1664,ECS_SNC_PI_ERP_INQUIRY_TEAM_BUDGET,안녕하세요. 데이터사업 TFT 예산 확인 부탁 드려요
1665,ECS_SNC_PI_ERP_INQUIRY_TEAM_BUDGET,예산이 어떻게 되나요?
1666,ECS_SNC_PI_ERP_INQUIRY_TEAM_BUDGET,야근식대비
1667,ECS_SNC_PI_ERP_INQUIRY_TEAM_BUDGET,예산알려죵
1668,ECS_SNC_PI_ERP_INQUIRY_TEAM_BUDGET,개인경비
1669,ECS_SNC_PI_ERP_INQUIRY_TEAM_BUDGET,비용
1670,ECS_SNC_PI_ERP_INQUIRY_TEAM_BUDGET,우리팀 예산은?
1671,ECS_SNC_PI_ERP_INQUIRY_TEAM_BUDGET,금융영업팀 예산?
1672,ECS_SNC_PI_ERP_INQUIRY_TEAM_BUDGET,회의실 예약
1673,ECS_SNC_PI_ERP_INQUIRY_TEAM_BUDGET,"임직원인데, 예산 조회가 왜 안 되죠"
1674,ECS_SNC_PI_ERP_INQUIRY_TEAM_BUDGET,예 산
1675,ECS_SNC_PI_ERP_INQUIRY_TEAM_BUDGET,업무추진식대
1676,ECS_SNC_PI_ERP_INQUIRY_TEAM_BUDGET,우리팀 예산을 알려주세요
1677,ECS_SNC_PI_ERP_INQUIRY_TEAM_BUDGET,팀비
1678,ECS_SNC_PI_ERP_INQUIRY_TEAM_BUDGET,업무회의비
1679,ECS_SNC_PI_ERP_INQUIRY_TEAM_BUDGET,근무중이야
1680,ECS_SNC_PI_ERP_INQUIRY_TEAM_BUDGET,기술 연구소 예산
1681,ECS_SNC_PI_ERP_INQUIRY_TEAM_BUDGET,우리 부서 예산은?
1682,ECS_SNC_PI_ERP_INQUIRY_TEAM_BUDGET,Biz컨설팅팀 통제 예산 알려줘
1683,ECS_SNC_PI_ERP_INQUIRY_TEAM_BUDGET,IT컨설팅팀 통제예산 조회
1684,ECS_SNC_PI_ERP_INQUIRY_TEAM_BUDGET,예산좀 많이 주세요
1685,ECS_SNC_PI_ERP_INQUIRY_TEAM_BUDGET,데이터사업TFT  예산
1686,ECS_SNC_PI_ERP_INQUIRY_TEAM_BUDGET,경비조회해눠
1687,ECS_SNC_PI_ERP_INQUIRY_TEAM_BUDGET,리조트FO차세대시스템 예산 조회
1688,ECS_SNC_PI_ERP_INQUIRY_TEAM_BUDGET,예산 조회
1689,ECS_SNC_PI_ERP_INQUIRY_TEAM_BUDGET,스마트워크 예산
1690,ECS_SNC_PI_ERP_INQUIRY_TEAM_BUDGET,통제예산
1691,ECS_SNC_PI_ERP_INQUIRY_TEAM_BUDGET,리조트 예약
1692,ECS_SNC_PI_ERP_INQUIRY_TEAM_BUDGET,예산이 얼마나 남았니
1693,ECS_SNC_PI_ERP_INQUIRY_TEAM_BUDGET,정승환의 리프레시 포인트는 얼마나 남았나요?
1694,ECS_SNC_PI_ERP_INQUIRY_TEAM_BUDGET,예산조회
1695,ECS_SNC_PI_ERP_INQUIRY_TEAM_BUDGET,예상은
1696,ECS_SNC_PI_ERP_INQUIRY_TEAM_BUDGET,팀 예산
1697,ECS_SNC_PI_ERP_INQUIRY_TEAM_BUDGET,우리팀예산은 얼마남았어?
1698,ECS_SNC_PI_ERP_INQUIRY_TEAM_BUDGET,예산알려줴
1699,ECS_SNC_PI_ERP_INQUIRY_TEAM_BUDGET,고흥만 태양광 운영관리 예산이 어떻게 되니?
1700,ECS_SNC_PI_ERP_INQUIRY_TEAM_BUDGET,나의 휴가가 얼마 남았니?
1701,ECS_SNC_PI_ERP_INQUIRY_TEAM_BUDGET,경비계좌
1702,ECS_SNC_PI_ERP_INQUIRY_TEAM_BUDGET,예산은 어떻게 되니 ?
1703,ECS_SNC_PI_ERP_INQUIRY_TEAM_BUDGET,예산 얼마 남았니
1704,ECS_SNC_PI_ERP_INQUIRY_TEAM_BUDGET,회의비
1705,ECS_SNC_PI_ERP_INQUIRY_TEAM_BUDGET,M000700 경비
1706,ECS_SNC_PI_ERP_INQUIRY_TEAM_BUDGET,"예, 식사 했습니다."
1707,ECS_SNC_PI_ERP_INQUIRY_TEAM_BUDGET,물류사업 예산
1708,ECS_SNC_PI_ERP_INQUIRY_TEAM_BUDGET,시내교통비
1709,ECS_SNC_PI_ERP_INQUIRY_TEAM_BUDGET,보안운영팀 예사
1710,ECS_SNC_PI_ERP_INQUIRY_TEAM_BUDGET,팀 예산 얼마나 남았지?
1711,ECS_SNC_PI_ERP_INQUIRY_TEAM_BUDGET,조직관리비 없어?
1712,ECS_SNC_PI_ERP_INQUIRY_TEAM_BUDGET,남은예산은 ?
1713,ECS_SNC_PI_ERP_INQUIRY_TEAM_BUDGET,제조운영팀 예산
1714,ECS_SNC_PI_ERP_INQUIRY_TEAM_BUDGET,보안운영 예산
1715,ECS_SNC_PI_ERP_INQUIRY_TEAM_BUDGET,보안운영 통제예산
1716,ECS_SNC_PI_ERP_INQUIRY_TEAM_BUDGET,예
1717,ECS_SNC_PI_ERP_INQUIRY_TEAM_BUDGET,"예, 감사합니다."
1718,ECS_SNC_PI_ERP_INQUIRY_TEAM_BUDGET,수행-[렌터카 공제조합] 통합전산시스템 구축 통제예산 잔여금액은?
1719,ECS_SNC_PI_ERP_INQUIRY_TEAM_BUDGET,우리팀 예산좀
1720,ECS_SNC_PI_ERP_INQUIRY_TEAM_BUDGET,예산 얼마 남았어
1721,ECS_SNC_PI_ERP_INQUIRY_TEAM_BUDGET,경비 알려줘
1722,ECS_SNC_PI_ERP_INQUIRY_TEAM_BUDGET,잔여 예산
1723,ECS_SNC_PI_ERP_INQUIRY_TEAM_BUDGET,Compliance팀 예산 조회
1724,ECS_SNC_PI_ERP_INQUIRY_TEAM_BUDGET,야근자식대
1725,ECS_SNC_PI_ERP_INQUIRY_TEAM_BUDGET,우리팀 예산
1726,ECS_SNC_PI_ERP_INQUIRY_TEAM_BUDGET,예싼
1727,ECS_SNC_PI_ERP_INQUIRY_TEAM_BUDGET,PI팀 예산
1728,ECS_SNC_PI_ERP_INQUIRY_TEAM_BUDGET,보안운영팀 통제예산
1729,ECS_SNC_PI_ERP_INQUIRY_TEAM_BUDGET,데이타TF 예산은 ?
1730,ECS_SNC_PI_ERP_INQUIRY_TEAM_BUDGET,업무차량 예약
1731,ECS_SNC_PI_ERP_INQUIRY_TEAM_BUDGET,동호회가 어디예요?
1732,ECS_SNC_PI_ERP_INQUIRY_TEAM_BUDGET,금융부문 경비 예산 잔액 알려주세요
1733,ECS_SNC_PI_ERP_INQUIRY_TEAM_BUDGET,부서경비
1734,ECS_SNC_PI_ERP_INQUIRY_TEAM_BUDGET,전북예산
1735,ECS_SNC_PI_ERP_INQUIRY_TEAM_BUDGET,서비스
1736,ECS_SNC_PI_ERP_INQUIRY_TEAM_BUDGET,예산은?
1737,ECS_SNC_PI_ERP_INQUIRY_TEAM_BUDGET,비즈컨설팅팀
1738,ECS_SNC_PI_ERP_INQUIRY_TEAM_BUDGET,Biz컨설팅팀 통제예산
1739,ECS_SNC_PI_ERP_INQUIRY_TEAM_BUDGET,M000900 경비
1740,ECS_SNC_PI_ERP_INQUIRY_TEAM_BUDGET,저희 팀 예산조회
1741,ECS_SNC_PI_ERP_INQUIRY_TEAM_BUDGET,금융sI영업팀 남은 예산
1742,ECS_SNC_PI_ERP_INQUIRY_TEAM_BUDGET,예산 알려줘.
1743,ECS_SNC_PI_ERP_INQUIRY_TEAM_BUDGET,팀 예산알려줘
1744,ECS_SNC_PI_ERP_INQUIRY_TEAM_BUDGET,법인카드 잔액 예산은 얼마지?
1745,ECS_SNC_PI_ERP_INQUIRY_TEAM_BUDGET,예산은
1746,ECS_SNC_PI_ERP_INQUIRY_TEAM_BUDGET,한달 예산은 얼마니
1747,ECS_SNC_PI_ERP_INQUIRY_TEAM_BUDGET,비서
1748,ECS_SNC_PI_ERP_INQUIRY_TEAM_BUDGET,금융영업팀 예산
1749,ECS_SNC_PI_ERP_INQUIRY_TEAM_BUDGET,Biz컨설팅팀 예싼
1750,ECS_SNC_PI_ERP_INQUIRY_TEAM_BUDGET,IFRS예산조회
1751,ECS_SNC_PI_ERP_INQUIRY_TEAM_BUDGET,대답할 수 있는 서비스는 무엇인가
1752,ECS_SNC_PI_ERP_INQUIRY_TEAM_BUDGET,경비예산 확인 바랍니다
1753,ECS_SNC_PI_ERP_INQUIRY_TEAM_BUDGET,팀경비
1754,ECS_SNC_PI_ERP_INQUIRY_TEAM_BUDGET,예산 뭐냐고
1755,ECS_SNC_PI_ERP_INQUIRY_TEAM_BUDGET,예산 알려줘
1756,ECS_SNC_PI_ERP_INQUIRY_TEAM_BUDGET,예산알려줘
1757,ECS_SNC_PI_ERP_INQUIRY_TEAM_BUDGET,남은 연차는 얼마남았지?
1758,ECS_SNC_PI_ERP_INQUIRY_TEAM_BUDGET,연결재무 파트의 예산 알려줘
1759,ECS_SNC_PI_ERP_INQUIRY_TEAM_BUDGET,경비 처리 현황
1760,ECS_SNC_PI_ERP_INQUIRY_TEAM_BUDGET,팀 잔여예산
1761,ECS_SNC_PI_ERP_INQUIRY_TEAM_BUDGET,우리파트 예산은?
1762,ECS_SNC_PI_ERP_INQUIRY_TEAM_BUDGET,부서 예산
1763,ECS_SNC_PI_ERP_INQUIRY_TEAM_BUDGET,우리팀 에산 알려줘
1764,ECS_SNC_PI_ERP_INQUIRY_TEAM_BUDGET,금융통합지원TF 경비 잔액 알려주세요
1765,ECS_SNC_PI_ERP_INQUIRY_TEAM_BUDGET,예산 많이 쓴 사람 누구야?
1766,ECS_SNC_PI_ERP_INQUIRY_TEAM_BUDGET,우리팀 예산조회
1767,ECS_SNC_PI_ERP_INQUIRY_TEAM_BUDGET,M002500 잔여예산
1768,ECS_SNC_PI_ERP_INQUIRY_TEAM_BUDGET,예산좀 알려줘
1769,ECS_SNC_PI_ERP_INQUIRY_TEAM_BUDGET,여의도동 일기예보는?
1770,ECS_SNC_PI_ERP_INQUIRY_TEAM_BUDGET,남은예산
1771,ECS_SNC_PI_ERP_INQUIRY_TEAM_BUDGET,우리팀 예산좀 부탁해요
1772,ECS_SNC_PI_ERP_INQUIRY_TEAM_BUDGET,우리팀 예산좀 알려줘
1773,ECS_SNC_PI_ERP_INQUIRY_TEAM_BUDGET,울팀 예산은?
1774,ECS_SNC_PI_ERP_INQUIRY_TEAM_BUDGET,경비 잔액
1775,ECS_SNC_PI_ERP_INQUIRY_TEAM_BUDGET,야근자 식대 알려줘
1776,ECS_SNC_PI_ERP_INQUIRY_TEAM_BUDGET,예산 얼마 남았냐고
1777,ECS_SNC_PI_ERP_INQUIRY_TEAM_BUDGET,여비교통비
1778,ECS_SNC_PI_ERP_INQUIRY_TEAM_BUDGET,팀예산
1779,ECS_SNC_PI_ERP_INQUIRY_TEAM_BUDGET,인사팀 전체 업무 알려줘
1780,ECS_SNC_PI_ERP_INQUIRY_TEAM_BUDGET,예산은 ?
1781,ECS_SNC_PI_ERP_INQUIRY_TEAM_BUDGET,내 휴가가 얼마 남았니?
1782,ECS_SNC_PI_ERP_INQUIRY_TEAM_BUDGET,우리 경비는?
1783,ECS_SNC_PI_ERP_INQUIRY_TEAM_BUDGET,스마트 팩토리 TF 예산?
1784,ECS_SNC_PI_ERP_INQUIRY_TEAM_BUDGET,컴플라이언스팀 남은 예산
1785,ECS_SNC_PI_ERP_INQUIRY_TEAM_BUDGET,예산식대
1786,ECS_SNC_PI_ERP_INQUIRY_TEAM_BUDGET,금융PJT팀장 예산
1787,ECS_SNC_PI_ERP_INQUIRY_TEAM_BUDGET,우리팀 예산ㅇ ㅣ얼마야
1788,ECS_SNC_PI_ERP_INQUIRY_TEAM_BUDGET,대선 얼마 남았어 이선 얼마 남았어 예산 얼마나 많냐고
1789,ECS_SNC_PI_ERP_INQUIRY_TEAM_BUDGET,품질관리팀 예산
1790,ECS_SNC_PI_ERP_INQUIRY_TEAM_BUDGET,팀 비용
1791,ECS_SNC_PI_ERP_INQUIRY_TEAM_BUDGET,비통제예산
1792,ECS_SNC_PI_ERP_INQUIRY_TEAM_BUDGET,업무
1793,ECS_SNC_PI_ERP_INQUIRY_TEAM_BUDGET,it컨설팅팀 야근자 식대
1794,ECS_SNC_PI_ERP_INQUIRY_TEAM_BUDGET,EP 예산 조회 부탁해
1795,ECS_SNC_PI_ERP_INQUIRY_TEAM_BUDGET,팀 예산은
1796,ECS_SNC_PI_ERP_INQUIRY_TEAM_BUDGET,팀 예산 조회
1797,ECS_SNC_PI_ERP_INQUIRY_TEAM_BUDGET,제조ITO팀 예산
1798,ECS_SNC_PI_ERP_INQUIRY_TEAM_BUDGET,PT팀 예산은?
1799,ECS_SNC_PI_ERP_INQUIRY_TEAM_BUDGET,예산 규정 알려줘
1800,ECS_SNC_PI_ERP_INQUIRY_TEAM_BUDGET,남은 예산은
1801,ECS_SNC_PI_ERP_INQUIRY_TEAM_BUDGET,케미칼 예산
1802,ECS_SNC_PI_ERP_INQUIRY_TEAM_BUDGET,우리팀 잔여 예산?
1803,ECS_SNC_PI_ERP_INQUIRY_TEAM_BUDGET,나의 예산은 ?
1804,ECS_SNC_PI_ERP_INQUIRY_TEAM_BUDGET,예산잔액이 얼마나 되니
1805,ECS_SNC_PI_ERP_INQUIRY_TEAM_BUDGET,상생협력팀 예산
1806,ECS_SNC_PI_ERP_INQUIRY_TEAM_BUDGET,예산 조회해줘봐
1807,ECS_SNC_PI_ERP_INQUIRY_TEAM_BUDGET,팀장 예산
1808,ECS_SNC_PI_ERP_INQUIRY_TEAM_BUDGET,예산 잔액이 얼마니
1809,ECS_SNC_PI_ERP_INQUIRY_TEAM_BUDGET,팀 예산조회
1810,ECS_SNC_PI_ERP_INQUIRY_TEAM_BUDGET,F171056-4 경비조회
1811,ECS_SNC_PI_ERP_INQUIRY_TEAM_BUDGET,예산편성 시기
1812,ECS_SNC_PI_ERP_INQUIRY_TEAM_BUDGET,파트 예산 알려줘
1813,ECS_SNC_PI_ERP_INQUIRY_TEAM_BUDGET,금융부분 경비예산 알려줘요
1814,ECS_SNC_PI_ERP_INQUIRY_TEAM_BUDGET,일기예보
1815,ECS_SNC_PI_ERP_INQUIRY_TEAM_BUDGET,회사 공모전 소식좀 알려줘
1816,ECS_SNC_PI_ERP_INQUIRY_TEAM_BUDGET,보안관리TFT 예산
1817,ECS_SNC_PI_ERP_INQUIRY_TEAM_BUDGET,P170388-4 예산
1818,ECS_SNC_PI_ERP_INQUIRY_TEAM_BUDGET,에산
1819,ECS_SNC_PI_ERP_INQUIRY_TEAM_BUDGET,무회의비
1820,ECS_SNC_PI_ERP_INQUIRY_TEAM_BUDGET,우리팀 시내교통비 예산잔액 알려주세요
1821,ECS_SNC_PI_ERP_INQUIRY_TEAM_BUDGET,팀 경비 내역 알려줘
1822,ECS_SNC_PI_ERP_INQUIRY_TEAM_BUDGET,교통비 지원
1823,ECS_SNC_PI_ERP_INQUIRY_TEAM_BUDGET,우리팀 예산 얼마 남았어?
1824,ECS_SNC_PI_ERP_INQUIRY_TEAM_BUDGET,예산 담당
1825,ECS_SNC_PI_ERP_INQUIRY_TEAM_BUDGET,통제 예산
1826,ECS_SNC_PI_ERP_INQUIRY_TEAM_BUDGET,업무회의비 내역 알려줘
1827,ECS_SNC_PI_ERP_INQUIRY_TEAM_BUDGET,IDC기획팀 예산
1828,ECS_SNC_PI_ERP_INQUIRY_TEAM_BUDGET,제서영업팀 예산
1829,ECS_SNC_PI_ERP_INQUIRY_TEAM_BUDGET,내 남은 경비는 ?
1830,ECS_SNC_PI_ERP_INQUIRY_TEAM_BUDGET,우리팀 예산?
1831,ECS_SNC_PI_ERP_INQUIRY_TEAM_BUDGET,팀 경비 조회는 어디서해?
1832,ECS_SNC_PI_ERP_INQUIRY_TEAM_BUDGET,교육비 예산
1833,ECS_SNC_PI_ERP_INQUIRY_TEAM_BUDGET,기술연구소 남은 예산 알려줘
1834,ECS_SNC_PI_ERP_INQUIRY_TEAM_BUDGET,기술연구소 업무회의비
1835,ECS_SNC_PI_ERP_INQUIRY_TEAM_BUDGET, 예산
1836,ECS_SNC_PI_ERP_INQUIRY_TEAM_BUDGET,예산 담당자
1837,ECS_SNC_PI_ERP_INQUIRY_TEAM_BUDGET,수행지원 디자인 예산
1838,ECS_SNC_PI_ERP_INQUIRY_TEAM_BUDGET,우리팀 경비 상황은?
1839,ECS_SNC_PI_ERP_INQUIRY_TEAM_BUDGET,금융프로젝트 팀예산
1840,ECS_SNC_PI_ERP_INQUIRY_TEAM_BUDGET,우리팀 예산을 알려줘
1841,ECS_SNC_PI_ERP_INQUIRY_TEAM_BUDGET,팀 예산을 알려줘
1842,ECS_SNC_PI_ERP_INQUIRY_TEAM_BUDGET,우리 팀 경비
1843,ECS_SNC_PI_ERP_INQUIRY_TEAM_BUDGET,제서영업팀 12월 잔여예산
1844,ECS_SNC_PI_ERP_INQUIRY_TEAM_BUDGET,출장비 정산
1845,ECS_SNC_PI_ERP_INQUIRY_TEAM_BUDGET,남은예산은
1846,ECS_SNC_PI_ERP_INQUIRY_TEAM_BUDGET,한화그룹LMS 프로젝트 예싼
1847,ECS_SNC_PI_ERP_INQUIRY_TEAM_BUDGET,연결재무 예산 알려줘
1848,ECS_SNC_PI_ERP_INQUIRY_TEAM_BUDGET,토탈 AMS 예산은 어떻게 되나요?
1849,ECS_SNC_PI_ERP_INQUIRY_TEAM_BUDGET,팀예산 문의드려요
1850,ECS_SNC_PI_ERP_INQUIRY_TEAM_BUDGET,예산이 좀 남았니?
1851,ECS_SNC_PI_ERP_INQUIRY_TEAM_BUDGET,경비 예산
1852,ECS_SNC_PI_ERP_INQUIRY_TEAM_BUDGET,우리 팀 교통비 얼마나 남았지?
1853,ECS_SNC_PI_ERP_INQUIRY_TEAM_BUDGET,전분기 팀예산
1854,ECS_SNC_PI_ERP_INQUIRY_TEAM_BUDGET,금융영업팀 예산 알려주세요
1855,ECS_SNC_PI_ERP_INQUIRY_TEAM_BUDGET,우리팀 예산 알려줘
1856,ECS_SNC_PI_ERP_INQUIRY_TEAM_BUDGET,데이터사업TF(신설) 예산
1857,ECS_SNC_PI_ERP_INQUIRY_TEAM_BUDGET,예산내K
1858,ECS_SNC_PI_ERP_INQUIRY_TEAM_BUDGET,시내 교통비는 언제 발생 하나요 ?
1859,ECS_SNC_PI_ERP_INQUIRY_TEAM_BUDGET,Biz컨설팅팀 예산
1860,ECS_SNC_PI_ERP_INQUIRY_TEAM_BUDGET,우리팀 예산은
1861,ECS_SNC_PI_ERP_INQUIRY_TEAM_BUDGET,프로젝트 예산도 알려줘
1862,ECS_SNC_PI_ERP_INQUIRY_TEAM_BUDGET,내 연자 얼마나 남았지?
1863,ECS_SNC_PI_ERP_INQUIRY_TEAM_BUDGET,우리 팀 예산은?
1864,ECS_SNC_PI_ERP_INQUIRY_TEAM_BUDGET,우리팀 경비
1865,ECS_SNC_PI_ERP_INQUIRY_TEAM_BUDGET,예산 좀
1866,ECS_SNC_PI_ERP_INQUIRY_TEAM_BUDGET,경비조회
1867,ECS_SNC_PI_ERP_INQUIRY_TEAM_BUDGET,팀 경비 잔액 알려주세요
1868,ECS_SNC_PI_ERP_INQUIRY_TEAM_BUDGET,회의실예약
1869,ECS_SNC_PI_ERP_INQUIRY_TEAM_BUDGET,예ㅏㄴ은
1870,ECS_SNC_PI_ERP_INQUIRY_TEAM_BUDGET,이번주 일기예보
1871,ECS_SNC_PI_ERP_INQUIRY_TEAM_BUDGET,인사총무팀 남은 예산은
1872,ECS_SNC_PI_ERP_INQUIRY_TEAM_BUDGET,데이터사업TF 예산
1873,ECS_SNC_PI_ERP_INQUIRY_TEAM_BUDGET,금융부분 통제예산 잔액은?
1874,ECS_SNC_PI_ERP_INQUIRY_TEAM_BUDGET,우리팀 예산이 얼마야?
1875,ECS_SNC_PI_ERP_INQUIRY_TEAM_BUDGET,예산 !!
1876,ECS_SNC_PI_ERP_INQUIRY_TEAM_BUDGET,보안관리TFT 예싼
1877,ECS_SNC_PI_ERP_INQUIRY_TEAM_BUDGET,리프레시 포인트는 얼마나 남았나요?
1878,ECS_SNC_PI_ERP_INQUIRY_TEAM_BUDGET,컴플라이언스팀 예산 알려줘
1879,ECS_SNC_PI_ERP_INQUIRY_TEAM_BUDGET,팀 예산은?
1880,ECS_SNC_PI_ERP_INQUIRY_TEAM_BUDGET,예산 얼마 남았어?
1881,ECS_SNC_PI_ERP_INQUIRY_TEAM_BUDGET,데이터사업 TFT 예산 알려주세요 한똘똘님
1882,ECS_SNC_PI_ERP_INQUIRY_TEAM_BUDGET,프로젝트 예산
1883,ECS_SNC_PI_ERP_INQUIRY_TEAM_BUDGET,경비 알려 줄래?
1884,ECS_SNC_PI_ERP_INQUIRY_TEAM_BUDGET,내 연차 얼마나 남았지?
1885,ECS_SNC_PI_ERP_INQUIRY_TEAM_BUDGET,큐셀자금시스템 구축 프로젝트 예산은?
1886,ECS_SNC_PI_ERP_INQUIRY_TEAM_BUDGET,법인카드 예산
1887,ECS_SNC_PI_ERP_INQUIRY_TEAM_BUDGET,한화그룹LMS 프로젝트 예산
1888,ECS_SNC_PI_ERP_INQUIRY_TEAM_BUDGET,내 월급이 얼마예요?
1889,ECS_SNC_PI_ERP_INQUIRY_TEAM_BUDGET,우리팀 예산 얼마나 남았어?
1890,ECS_SNC_PI_ERP_INQUIRY_TEAM_BUDGET,금융프로젝트팀장 예산
1891,ECS_SNC_PI_ERP_INQUIRY_TEAM_BUDGET,조직관리비
1892,ECS_SNC_PI_ERP_INQUIRY_TEAM_BUDGET,예산 조회해줘
1893,ECS_SNC_PI_ERP_INQUIRY_TEAM_BUDGET,제조운영팀 네트워크 파트 경비는?
1894,ECS_SNC_PI_ERP_INQUIRY_TEAM_BUDGET,금융SI영업팀 장주호 사용 예산
1895,ECS_SNC_PI_ERP_INQUIRY_TEAM_BUDGET,우리 팀 예산은 얼마니?
1896,ECS_SNC_PI_ERP_INQUIRY_TEAM_BUDGET,긍융프로젝트팀 팀 예산
1897,ECS_SNC_PI_ERP_INQUIRY_TEAM_BUDGET,예산!
1898,ECS_SNC_PI_ERP_INQUIRY_TEAM_BUDGET,야근자 식대 결제 시간
1899,ECS_SNC_PI_ERP_INQUIRY_TEAM_BUDGET,방산운영팀 예산은?
1900,ECS_SNC_PI_ERP_INQUIRY_TEAM_BUDGET,금융사업팀 예산은?
1901,ECS_SNC_PI_ERP_INQUIRY_TEAM_BUDGET,팀 경비는 얼마 남았어?
1902,ECS_SNC_PI_ERP_INQUIRY_TEAM_BUDGET,예산 잔액
1903,ECS_SNC_PI_ERP_INQUIRY_TEAM_BUDGET,연구소 예산
1904,ECS_SNC_PI_ERP_INQUIRY_TEAM_BUDGET,손보ito팀 예산조회
1905,ECS_SNC_PI_ERP_INQUIRY_TEAM_BUDGET,교통비 규정
1906,ECS_SNC_PI_ERP_INQUIRY_TEAM_BUDGET,우리 파트 예산 다시 한번 알려줘
1907,ECS_SNC_PI_ERP_INQUIRY_TEAM_BUDGET,안식월 알려줘
1908,ECS_SNC_PI_ERP_INQUIRY_TEAM_BUDGET,서비스 데스크
1909,ECS_SNC_PI_ERP_INQUIRY_TEAM_BUDGET,교통비
1910,ECS_SNC_PI_ERP_INQUIRY_TEAM_BUDGET,예산임마
1911,ECS_SNC_PI_ERP_INQUIRY_TEAM_BUDGET,오늘 일기예보
1912,ECS_SNC_PI_ERP_INQUIRY_TEAM_BUDGET,기획팀 통제예산 잔여금액은?
1913,ECS_SNC_PI_ERP_INQUIRY_TEAM_BUDGET,P-170472 예산
1914,ECS_SNC_PI_ERP_INQUIRY_TEAM_BUDGET,건설 예산
1915,ECS_SNC_PI_ERP_INQUIRY_TEAM_BUDGET,예산얼마 남았니?
1916,ECS_SNC_PI_ERP_INQUIRY_PERSONAL_B_CARD,법인카드사용 내역 20171201-20171228
1917,ECS_SNC_PI_ERP_INQUIRY_PERSONAL_B_CARD,미 처리된 법카 사용 내역 알려 주세요
1918,ECS_SNC_PI_ERP_INQUIRY_PERSONAL_B_CARD,법인카드  내역 알려줘
1919,ECS_SNC_PI_ERP_INQUIRY_PERSONAL_B_CARD,법인카드 조회 20171101-20171127
1920,ECS_SNC_PI_ERP_INQUIRY_PERSONAL_B_CARD,법인카드 사용내역
1921,ECS_SNC_PI_ERP_INQUIRY_PERSONAL_B_CARD,법인카드 사용
1922,ECS_SNC_PI_ERP_INQUIRY_PERSONAL_B_CARD,파트 카드 법인카드 내역
1923,ECS_SNC_PI_ERP_INQUIRY_PERSONAL_B_CARD,내 법인카드 사용내역은?
1924,ECS_SNC_PI_ERP_INQUIRY_PERSONAL_B_CARD,20171201-20171214 법인카드 조회해줘
1925,ECS_SNC_PI_ERP_INQUIRY_PERSONAL_B_CARD,법인카드 내역
1926,ECS_SNC_PI_ERP_INQUIRY_PERSONAL_B_CARD,법인카드 조회
1927,ECS_SNC_PI_ERP_INQUIRY_PERSONAL_B_CARD,제조운영팀 법인카드 사용내역 조회
1928,ECS_SNC_PI_ERP_INQUIRY_PERSONAL_B_CARD,법인카드 사용 내역 좀 알려줘
1929,ECS_SNC_PI_ERP_INQUIRY_PERSONAL_B_CARD,법인카드
1930,ECS_SNC_PI_ERP_INQUIRY_PERSONAL_B_CARD,국외 법카 사용 내역 알려 주세요
1931,ECS_SNC_PI_ERP_INQUIRY_PERSONAL_B_CARD,법인카드조회
1932,ECS_SNC_PI_ERP_INQUIRY_PERSONAL_B_CARD,결재 진행중 인 법카 사용 내역 알려줘
1933,ECS_SNC_PI_ERP_INQUIRY_PERSONAL_B_CARD,법인카드 사용 하려고 알려줘
1934,ECS_SNC_PI_ERP_INQUIRY_PERSONAL_B_CARD,법인카드 예산은?
1935,ECS_SNC_PI_ERP_INQUIRY_PERSONAL_B_CARD,법인카드 담당자
1936,ECS_SNC_PI_ERP_INQUIRY_PERSONAL_B_CARD,법인카드조회 20171020-20171102
1937,ECS_SNC_PI_ERP_INQUIRY_PERSONAL_B_CARD,법인카드 사용내역 조회
1938,ECS_SNC_PI_ERP_INQUIRY_PERSONAL_B_CARD,법인카드 조회 20170615-20170915
1939,ECS_SNC_PI_ERP_INQUIRY_PERSONAL_B_CARD,법인카드 조회 20170915-20171115
1940,ECS_SNC_PI_ERP_INQUIRY_PERSONAL_B_CARD,법인카드 20171001-20171030
1941,ECS_SNC_PI_ERP_INQUIRY_PERSONAL_B_CARD,법인카드 한도
1942,ECS_SNC_PI_ERP_INQUIRY_PERSONAL_B_CARD,20171213-20171213 법인카드 사용내역 알려줘
1943,ECS_SNC_PI_ERP_INQUIRY_PERSONAL_B_CARD,법인카드 조회 20171001-20171023
1944,ECS_SNC_PI_ERP_INQUIRY_PERSONAL_B_CARD,법인카드 잔액 얼마 남았냐?
1945,ECS_SNC_PI_ERP_INQUIRY_PERSONAL_B_CARD,법카사용
1946,ECS_SNC_PI_ERP_INQUIRY_PERSONAL_B_CARD,법인카드사용내역조회
1947,ECS_SNC_PI_ERP_INQUIRY_PERSONAL_B_CARD,취소 처리 법인 카드 내역은 ?
1948,ECS_SNC_PI_ERP_INQUIRY_PERSONAL_B_CARD,법인카드 내용 졸라 궁금해염
1949,ECS_SNC_PI_ERP_INQUIRY_PERSONAL_B_CARD,법인카드 조회 20171106-20171119
1950,ECS_SNC_PI_ERP_INQUIRY_PERSONAL_B_CARD,법인 카드 내역
1951,ECS_SNC_PI_ERP_INQUIRY_PERSONAL_B_CARD,법인카드조회 20171101-20171102
1952,ECS_SNC_PI_ERP_INQUIRY_PERSONAL_B_CARD,법인카드 현황
1953,ECS_SNC_PI_ERP_INQUIRY_PERSONAL_B_CARD,법인카드 관리 안내
1954,ECS_SNC_PI_ERP_INQUIRY_PERSONAL_B_CARD,법인카드 사용 내역 조회
1955,ECS_SNC_PI_ERP_INQUIRY_PERSONAL_B_CARD,법인 카드 사용 내역 알려줘
1956,ECS_SNC_PI_ERP_INQUIRY_PERSONAL_B_CARD,법인카드 잔액은?
1957,ECS_SNC_PI_ERP_INQUIRY_PERSONAL_B_CARD,법인카드 사용 내역 알려줘
1958,ECS_SNC_PI_ERP_INQUIRY_PERSONAL_B_CARD,법인카드조회 20171030-20171102
1959,ECS_SNC_PI_ERP_INQUIRY_PERSONAL_B_CARD,법인카드  예산이 얼마나 남았나요?
1960,ECS_SNC_PI_ERP_INQUIRY_PERSONAL_B_CARD,김동민씨 법인카드 내역
1961,ECS_SNC_PI_ERP_INQUIRY_PERSONAL_B_CARD,법인카드 사용 내역
1962,ECS_SNC_PI_ERP_INQUIRY_PERSONAL_B_CARD,법인카드 잔액
1963,ECS_SNC_PI_ERP_INQUIRY_PERSONAL_B_CARD,법인카드  사용 금액 ?
1964,ECS_SNC_PI_ERP_INQUIRY_PERSONAL_B_CARD,법인카드 계정 알려줘
1965,ECS_SNC_PI_ERP_INQUIRY_PERSONAL_B_CARD,법인카드 사용내역 알려줘 20170521-20171120
1966,ECS_SNC_PI_ERP_INQUIRY_PERSONAL_B_CARD,법인카드 재발급
1967,ECS_SNC_INFORMATION,아는게 뭐야?
1968,ECS_SNC_INFORMATION,4차산업 관련 질문도 가능한가요?
1969,ECS_SNC_INFORMATION,넌 어디서 태어났니?
1970,ECS_SNC_INFORMATION,머여
1971,ECS_SNC_INFORMATION,뭐할수있니?
1972,ECS_SNC_INFORMATION,넌 누구냐?
1973,ECS_SNC_INFORMATION,너 AI야?
1974,ECS_SNC_INFORMATION,도움말
1975,ECS_SNC_INFORMATION,전결이 무엇인가요
1976,ECS_SNC_INFORMATION,이거 누가 만듦?
1977,ECS_SNC_INFORMATION,너의 이름은
1978,ECS_SNC_INFORMATION,이재환 대리 업무 뭐야?
1979,ECS_SNC_INFORMATION,당신의 이름은 무엇인가요?
1980,ECS_SNC_INFORMATION,너 누구니
1981,ECS_SNC_INFORMATION,뭐래
1982,ECS_SNC_INFORMATION,뭐가?
1983,ECS_SNC_INFORMATION,이름이 무엇인가요?
1984,ECS_SNC_INFORMATION,어떻게 하는 거야 ?
1985,ECS_SNC_INFORMATION,너의 이름이 모니?
1986,ECS_SNC_INFORMATION,너 뭘 할수 잇어?
1987,ECS_SNC_INFORMATION,한화빌딩 출입관련 문의 누구에게 해요?
1988,ECS_SNC_INFORMATION,뭐할수 있니?
1989,ECS_SNC_INFORMATION,이름이 마음에 드니?
1990,ECS_SNC_INFORMATION,너가할수있는일이뭐야
1991,ECS_SNC_INFORMATION,넌 누구니
1992,ECS_SNC_INFORMATION,what kind of service can you provide?
1993,ECS_SNC_INFORMATION,아는게 뭐야
1994,ECS_SNC_INFORMATION,넌 언제 대리다냐?
1995,ECS_SNC_INFORMATION,너 누구지
1996,ECS_SNC_INFORMATION,오늘 뭐먹지
1997,ECS_SNC_INFORMATION,이름이 한똘똘이야?
1998,ECS_SNC_INFORMATION,해
1999,ECS_SNC_INFORMATION,시스템 정보
2000,ECS_SNC_INFORMATION,연구소
2001,ECS_SNC_INFORMATION,내 이름은?
2002,ECS_SNC_INFORMATION,너 누가 만들었냐?
2003,ECS_SNC_INFORMATION,한똘똘과 자비스의 차이점은?
2004,ECS_SNC_INFORMATION,너는 누구니
2005,ECS_SNC_INFORMATION,음성 인식 할줄 알아?
2006,ECS_SNC_INFORMATION,인터넷 강의는 누구죠?
2007,ECS_SNC_INFORMATION,자기 소개 해봐
2008,ECS_SNC_INFORMATION,너는 누구니?
2009,ECS_SNC_INFORMATION,이름이 뭐야
2010,ECS_SNC_INFORMATION,너의 업무는?
2011,ECS_SNC_INFORMATION,가능업무는 ?
2012,ECS_SNC_INFORMATION,방법
2013,ECS_SNC_INFORMATION,자기소개
2014,ECS_SNC_INFORMATION,누구?
2015,ECS_SNC_INFORMATION,뭐하냐
2016,ECS_SNC_INFORMATION,자기 소개 해줘
2017,ECS_SNC_INFORMATION,누구니
2018,ECS_SNC_INFORMATION,할수 있는일은?
2019,ECS_SNC_INFORMATION,넌 모르는게 없구나
2020,ECS_SNC_INFORMATION,아버지 이름
2021,ECS_SNC_INFORMATION,교육 상신은 어디서 하는건가요?
2022,ECS_SNC_INFORMATION,넌 누구니?
2023,ECS_SNC_INFORMATION,너 이름이 뭐야
2024,ECS_SNC_INFORMATION,아는게 뭐임?
2025,ECS_SNC_INFORMATION,뭐 하니 한 똘똘
2026,ECS_SNC_INFORMATION,자리비움
2027,ECS_SNC_INFORMATION,뭐 할수 있니
2028,ECS_SNC_INFORMATION,나는 누구일까요
2029,ECS_SNC_INFORMATION,주요기능이 뭐니
2030,ECS_SNC_INFORMATION,너는
2031,ECS_SNC_INFORMATION,내 소속이 뭐라고 되어있어?
2032,ECS_SNC_INFORMATION,넌 머했니?
2033,ECS_SNC_INFORMATION,이름이뭐에요?
2034,ECS_SNC_INFORMATION,뭐야 이건
2035,ECS_SNC_INFORMATION,뭐라고?
2036,ECS_SNC_INFORMATION,내이름은 뭐게?
2037,ECS_SNC_INFORMATION,뭐하니?
2038,ECS_SNC_INFORMATION,아는게 뭐임
2039,ECS_SNC_INFORMATION,프로젝트 코드 요청 했는데 누구한테 요청하면 되는거예요?
2040,ECS_SNC_INFORMATION,수행지원팀엔 누가 있니?
2041,ECS_SNC_INFORMATION,너 누구냐?
2042,ECS_SNC_INFORMATION,누구냐넌
2043,ECS_SNC_INFORMATION,너는 아는게 뭐야?
2044,ECS_SNC_INFORMATION,혹시 오승호가 누군지 아니?
2045,ECS_SNC_INFORMATION,부서비용사용현황
2046,ECS_SNC_INFORMATION,휴가 문의 누구한테 해?
2047,ECS_SNC_INFORMATION,6사단은 뭐다?
2048,ECS_SNC_INFORMATION,뭐하는 애니?
2049,ECS_SNC_INFORMATION,이거 어떻게 하는거 ?
2050,ECS_SNC_INFORMATION,어떤 기능이 있어 ?
2051,ECS_SNC_INFORMATION,머여..
2052,ECS_SNC_INFORMATION,help
2053,ECS_SNC_INFORMATION,똘똘이는 언제 진급해?
2054,ECS_SNC_INFORMATION,아는게 뭔가
2055,ECS_SNC_INFORMATION,누가 너를 만들었니 똘똘아
2056,ECS_SNC_INFORMATION,"이봐, 만만한게 그룹웨어냐"
2057,ECS_SNC_INFORMATION,문서보안은 누구한테 질문해야 되요?
2058,ECS_SNC_INFORMATION,상해 비행기
2059,ECS_SNC_INFORMATION,너의 기분은 어떻니?
2060,ECS_SNC_INFORMATION,어디 출신이야?
2061,ECS_SNC_INFORMATION,자비스는 누구
2062,ECS_SNC_INFORMATION,가능
2063,ECS_SNC_INFORMATION,무슨 질문 하면 돼 ?
2064,ECS_SNC_INFORMATION,누구
2065,ECS_SNC_INFORMATION,뭐 알어?
2066,ECS_SNC_INFORMATION,회의실 남은거 뭐야?
2067,ECS_SNC_INFORMATION,넌 뭐하니
2068,ECS_SNC_INFORMATION,뭐니?
2069,ECS_SNC_INFORMATION,무엇을 아니
2070,ECS_SNC_INFORMATION,어디 소속이세요?
2071,ECS_SNC_INFORMATION,근속년수
2072,ECS_SNC_INFORMATION,뭘 아는 거니
2073,ECS_SNC_INFORMATION,모할수 있어
2074,ECS_SNC_INFORMATION,법인카드는 누구한테 물어봐야돼?
2075,ECS_SNC_INFORMATION,넌 할줄아는게 뭐니
2076,ECS_SNC_INFORMATION,아는게 뭐니
2077,ECS_SNC_INFORMATION,너 누구니?
2078,ECS_SNC_INFORMATION,뭘 할 수 있나요 ?
2079,ECS_SNC_INFORMATION,자리비움이야?
2080,ECS_SNC_INFORMATION,답변 가능한 질문
2081,ECS_SNC_INFORMATION,너 누구야
2082,ECS_SNC_INFORMATION,너돈얼마있니?
2083,ECS_SNC_INFORMATION,똘똘이 할 수 있는게 뭐가 있니
2084,ECS_SNC_INFORMATION,너의 이름은?
2085,ECS_SNC_INFORMATION,넌 누구?
2086,ECS_SNC_INFORMATION,똘똘사원님은 무슨일을 하시나요?
2087,ECS_SNC_INFORMATION,기능
2088,ECS_SNC_INFORMATION,어머
2089,ECS_SNC_INFORMATION,이름이?
2090,ECS_SNC_INFORMATION,니가 잘하는게 뭐야?
2091,ECS_SNC_INFORMATION,넌 누가 만들었니?
2092,ECS_SNC_INFORMATION,니 이름은 모니
2093,ECS_SNC_INFORMATION,뭐뭐하니
2094,ECS_SNC_INFORMATION,아는게뭐에요?
2095,ECS_SNC_INFORMATION,이게 뭔가요 ?
2096,ECS_SNC_INFORMATION,너는 무슨일을 하니?
2097,ECS_SNC_INFORMATION,아는게 뭐지?
2098,ECS_SNC_INFORMATION,머 할 수 있니
2099,ECS_SNC_INFORMATION,사용법 알려 주세요
2100,ECS_SNC_INFORMATION,what is your name ?
2101,ECS_SNC_INFORMATION,기능 알려줘
2102,ECS_SNC_INFORMATION,비서
2103,ECS_SNC_INFORMATION,what ' s your name ?
2104,ECS_SNC_INFORMATION,넌 아는게 없네
2105,ECS_SNC_INFORMATION,한똘똘님 이름을 뭐로 바꾸면 좋을까요?
2106,ECS_SNC_INFORMATION,신용하가 누구야?
2107,ECS_SNC_INFORMATION,오늘의 급식은 뭐니
2108,ECS_SNC_INFORMATION,답변 가능한게?
2109,ECS_SNC_INFORMATION,내가 누구게?
2110,ECS_SNC_INFORMATION,소개좀 해봐
2111,ECS_SNC_INFORMATION,넌 퇴근했어 ?
2112,ECS_SNC_INFORMATION,알려줘
2113,ECS_SNC_INFORMATION,뭘 알려줄 수 있니
2114,ECS_SNC_INFORMATION,너무 하는 군
2115,ECS_SNC_INFORMATION,어떻게 사용 하나요?
2116,ECS_SNC_INFORMATION,질문해도 되나요??
2117,ECS_SNC_INFORMATION,어떻게 하는 거야
2118,ECS_SNC_INFORMATION,어떤 기능이 있나요 ?
2119,ECS_SNC_INFORMATION,특기?
2120,ECS_SNC_INFORMATION,VOC 처리는 어떻게 해야하나요
2121,ECS_SNC_INFORMATION,넌 누가 만들었냐
2122,ECS_SNC_INFORMATION,한똘똘씨는 어떤 부서 인가요 ?
2123,ECS_SNC_INFORMATION,계속 지식이 누적 되시나요?
2124,ECS_SNC_INFORMATION,소개
2125,ECS_SNC_INFORMATION,처음이에요
2126,ECS_SNC_INFORMATION,who are you?
2127,ECS_SNC_INFORMATION,뭘 할수있니
2128,ECS_SNC_GREETING,안녕
2129,ECS_SNC_GREETING,하이
2130,ECS_SNC_GREETING,HAI
2131,ECS_SNC_GREETING,밥 사줘
2132,ECS_SNC_GREETING,새해 복 많이 받아요
2133,ECS_SNC_GREETING,안녕?
2134,ECS_SNC_GREETING,안녕하세요
2135,ECS_SNC_GREETING,얌마
2136,ECS_SNC_GREETING,똘똘이 안녕
2137,ECS_SNC_GREETING,밥 먹었니?
2138,ECS_SNC_GREETING,한똘똘
2139,ECS_SNC_GREETING,욜~
2140,ECS_SNC_GREETING,고마워 똘똘
2141,ECS_SNC_GREETING,똘똘
2142,ECS_SNC_GREETING,똘똘아
2143,ECS_SNC_GREETING,똘똘아 오랜만이야
2144,ECS_SNC_GREETING,반가워요
2145,ECS_SNC_GREETING,?
2146,ECS_SNC_GREETING,인사
2147,ECS_SNC_GREETING,굳애프터눈
2148,ECS_SNC_GREETING,ㅎㅇ
2149,ECS_SNC_GREETING,똘똘쓰
2150,ECS_SNC_GREETING,Hey bro
2151,ECS_SNC_GREETING,SMS
2152,ECS_SNC_GREETING,circle
2153,ECS_SNC_GREETING,안뇽
2154,ECS_SNC_GREETING,안녕하지못해
2155,ECS_SNC_GREETING,굿이브닝
2156,ECS_SNC_GREETING,언넝하세요
2157,ECS_SNC_GREETING,똘똘이도 맛있게 먹었니?
2158,ECS_SNC_GREETING,굿모닝
2159,ECS_SNC_GREETING,한똘똘님
2160,ECS_SNC_GREETING,하이요
2161,ECS_SNC_GREETING,전혀 안똘똘하네
2162,ECS_SNC_GREETING,한똘똘아
2163,ECS_SNC_GREETING,밥먹자
2164,ECS_SNC_GREETING,이봐
2165,ECS_SNC_GREETING,방가
2166,ECS_SNC_GREETING,EXIT
2167,ECS_SNC_GREETING,야
2168,ECS_SNC_GREETING,안녕하세요.반가워요
2169,ECS_SNC_GREETING,인넝하세요
2170,ECS_SNC_GREETING,안녕!
2171,ECS_SNC_GREETING,안녕하세요 ?
2172,ECS_SNC_GREETING,안녕하세요. 성함이 어떻게 되시나요?
2173,ECS_SNC_GREETING,첫눈
2174,ECS_SNC_GREETING,미안.. 똘똘군
2175,ECS_SNC_GREETING,안녕하세요?
2176,ECS_SNC_GREETING,안녕하세요.
2177,ECS_SNC_GREETING,당신은 얼마나 똘똘합니까?
2178,ECS_SNC_GREETING,ip
2179,ECS_SNC_GREETING,H-AI
2180,ECS_SNC_GREETING,wass up
2181,ECS_SNC_GREETING,넌 밥먹었니?
2182,ECS_SNC_GREETING,헬프데스크
2183,ECS_SNC_GREETING,헬로
2184,ECS_SNC_GREETING,밥
2185,ECS_SNC_GREETING,네 공장에서 밥 먹었어요
2186,ECS_SNC_GREETING,똘똘 하이
2187,ECS_SNC_GREETING,헬스키퍼
2188,ECS_SNC_GREETING,hi
2189,ECS_SNC_GREETING,좋은 하루되삼
2190,ECS_SNC_GREETING,안녕 하이
2191,ECS_SNC_GREETING,hi>
2192,ECS_SNC_GREETING,새해 복 많이 받아
2193,ECS_SNC_GREETING,똘똘아 안녕
2194,ECS_SNC_GREETING,??
2195,ECS_SNC_GREETING,똘똘이 오랜만
2196,ECS_SNC_GREETING,오늘 분위기
2197,ECS_SNC_GREETING,하2
2198,ECS_SNC_GREETING,오늘 지진
2199,ECS_SNC_GREETING,반갑다
2200,ECS_SNC_GREETING,웅 좋은 아침
2201,ECS_SNC_GREETING,좋은하루되세요
2202,ECS_SNC_GREETING,안ㄴㅇ
2203,ECS_SNC_GREETING,요청
2204,ECS_SNC_GREETING,똘똘안녕
2205,ECS_SNC_GREETING,헤이 똘똘님
2206,ECS_SNC_GREETING,헛
2207,ECS_SNC_GREETING,안녕하세요 .
2208,ECS_SNC_GREETING,한똘똘이
2209,ECS_SNC_GREETING,ㅇ
2210,ECS_SNC_GREETING,하이루
2211,ECS_SNC_GREETING,똘똘아 오랜만
2212,ECS_SNC_GREETING,hello
2213,ECS_SNC_GREETING,반가워
2214,ECS_SNC_GREETING,승마
2215,ECS_SNC_GREETING,안녕하세요~
2216,ECS_SNC_GREETING,똘똘 잘지내남?
2217,ECS_SNC_GREETING,흠
2218,ECS_SNC_GREETING,how are you?
2219,ECS_SNC_GREETING,또로ㄸㄹ아
2220,ECS_SNC_GREETING,똘똘아 방금 지진난거
2221,ECS_SNC_GREETING,루이스
2222,ECS_SNC_GREETING,인넝
2223,ECS_SNC_GREETING,"Hi, Good morning ~"
2224,ECS_SNC_GREETING,추워
2225,ECS_SNC_GREETING,똘똘아 안뇽
2226,ECS_SNC_GREETING,똘똘아 ~~~
2227,ECS_SNC_GREETING,azure
2228,ECS_SNC_GREETING,식단
2229,ECS_SNC_GREETING,왜 이름이 똘똘이에요?
2230,ECS_SNC_GREETING,안녕하시옹
2231,ECS_SNC_GREETING,좋은 아침
2232,ECS_SNC_GREETING,안녕 하세요
2233,ECS_SNC_GREETING,식사하셨나요
2234,ECS_SNC_GREETING,미안
2235,ECS_SNC_GREETING,똘똘아~~~
2236,ECS_SNC_GREETING,Whats up
2237,ECS_SNC_GREETING,한똘똘 안녕?
2238,ECS_SNC_GREETING,'''
2239,ECS_SNC_GREETING,ms
2240,ECS_SNC_GREETING,안녕 ?
2241,ECS_SNC_GREETING,회갑
2242,ECS_SNC_GREETING,똘똘 예산
2243,ECS_SNC_GREETING,굿바이~
2244,ECS_SNC_GREETING,오늘 비와?
2245,ECS_SNC_GREETING,ok
2246,ECS_SNC_GREETING,똘
2247,ECS_SNC_GREETING,siri
2248,ECS_SNC_GREETING,안뇽 똘똘아
2249,ECS_SNC_GREETING,똘똘이가 아는 내용은?
2250,ECS_SNC_GREETING,hey
2251,ECS_SNC_GREETING,안녕하세유
2252,ECS_SNC_GREETING,안녕히계세요
2253,ECS_SNC_GREETING,시방
2254,ECS_SNC_GREETING,밥 먹었어 ?
2255,ECS_SNC_GREETING,새해복많이받으세요
2256,ECS_SNC_GREETING,개인정보 침해~?
2257,ECS_SNC_GREETING,똘똘씨는 식사 하셨나요 ?
2258,ECS_SNC_GREETING,How are you today?
2259,ECS_SNC_GREETING,고생했어 똘똘아
2260,ECS_SNC_GREETING,똘똘이 하이
2261,ECS_SNC_GREETING,PC 반납
2262,ECS_SNC_GREETING,안녕~
2263,ECS_SNC_GREETING,한똘똘사원님
2264,ECS_SNC_GREETING,고마워요 똘똘
2265,ECS_SNC_GREETING,good afternoon
2266,ECS_SNC_GREETING,응
2267,ECS_SNC_GREETING,good evening
2268,ECS_SNC_GREETING,한똘똘씨~
2269,ECS_SNC_GREETING,응 굿모닝
2270,ECS_SNC_GREETING,굳이브닝
2271,ECS_SNC_GREETING,^^
2272,ECS_SNC_COMPLIMENT,식단
2273,ECS_SNC_COMPLIMENT,고생해
2274,ECS_SNC_COMPLIMENT,살려줘
2275,ECS_SNC_COMPLIMENT,챗봇
2276,ECS_SNC_COMPLIMENT,고마워
2277,ECS_SNC_COMPLIMENT,감사합
2278,ECS_SNC_COMPLIMENT,고마웡
2279,ECS_SNC_COMPLIMENT,고마웡ㅋ
2280,ECS_SNC_COMPLIMENT,진짜 고마워
2281,ECS_SNC_COMPLIMENT,한똘똘 제공 서비스
2282,ECS_SNC_COMPLIMENT,아직은 안돌똘하네
2283,ECS_SNC_COMPLIMENT,네
2284,ECS_SNC_COMPLIMENT,사랑해
2285,ECS_SNC_COMPLIMENT,춥네
2286,ECS_SNC_COMPLIMENT,고마워요
2287,ECS_SNC_COMPLIMENT,네네
2288,ECS_SNC_COMPLIMENT,고마워~
2289,ECS_SNC_COMPLIMENT,진짜 고맙다 똘똘아 ㅠㅠㅠ
2290,ECS_SNC_COMPLIMENT,네트워크
2291,ECS_SNC_COMPLIMENT,인감
2292,ECS_SNC_COMPLIMENT,잘가
2293,ECS_SNC_COMPLIMENT,고맙다 태식아
2294,ECS_SNC_COMPLIMENT,박은규
2295,ECS_SNC_COMPLIMENT,수고
2296,ECS_SNC_COMPLIMENT,똑똑 ?
2297,ECS_SNC_COMPLIMENT,글게 힘드네
2298,ECS_SNC_COMPLIMENT,네 답변 감사합니다
2299,ECS_SNC_COMPLIMENT,?큐
2300,ECS_SNC_COMPLIMENT,얼마
2301,ECS_SNC_COMPLIMENT,고맙다
2302,ECS_SNC_COMPLIMENT,감사합니다
2303,ECS_SNC_COMPLIMENT,추천
2304,ECS_SNC_COMPLIMENT,즐거운 오후 보내~
2305,ECS_SNC_COMPLIMENT,땡큐
2306,ECS_SNC_COMPLIMENT,류천우
2307,ECS_SNC_COMPLIMENT,i love you
2308,ECS_SNC_COMPLIMENT,중구
2309,ECS_SNC_COMPLIMENT,그래 고맙다 ㅠㅠㅠ
2310,ECS_SNC_COMPLIMENT,알려줘
2311,ECS_SNC_COMPLIMENT,시끄러 한똘똘
2312,ECS_SNC_COMPLIMENT,너 이름
2313,ECS_SNC_COMPLIMENT,네...
2314,ECS_SNC_COMPLIMENT,아는게 뭐임
2315,ECS_SNC_COMPLIMENT,잘기
2316,ECS_SNC_COMPLIMENT,안대네
2317,ECS_SNC_COMPLIMENT,수고해
2318,ECS_SNC_COMPLIMENT,너
2319,ECS_SNC_COMPLIMENT,내가 너무 고마워서 그래
2320,ECS_SNC_COMPLIMENT,수고 해
2321,ECS_SNC_COMPLIMENT,요구
2322,ECS_SNC_COMPLIMENT,이새키 답정너네
2323,ECS_SNC_COMPLIMENT,사고
2324,ECS_SNC_COMPLIMENT,ㄳㄳ^^
2325,ECS_SNC_COMPLIMENT,감사합니다.
2326,ECS_SNC_COMPLIMENT,좀 똑똑해졌어
2327,ECS_SNC_COMPLIMENT,좀 똑똑해 졌니?
2328,ECS_SNC_COMPLIMENT,사랑해.
2329,ECS_SNC_COMPLIMENT,즐~
